phase,layer,expert,load,matrix_ops,cycle_source,cycle_delta,run,source_file,line_number,cycles_per_token
prefill,0,0,25,3,rdtsc,104932100,run_001:granite-1b-expert.log,/home/classified56/llama.cpp/granite-1b-expert.log,2870,4197284.0
prefill,0,1,5,3,rdtsc,21162458,run_001:granite-1b-expert.log,/home/classified56/llama.cpp/granite-1b-expert.log,2871,4232491.6
prefill,0,2,16,3,rdtsc,67134741,run_001:granite-1b-expert.log,/home/classified56/llama.cpp/granite-1b-expert.log,2872,4195921.3125
prefill,0,3,16,3,rdtsc,67034896,run_001:granite-1b-expert.log,/home/classified56/llama.cpp/granite-1b-expert.log,2873,4189681.0
prefill,0,4,20,3,rdtsc,84501334,run_001:granite-1b-expert.log,/home/classified56/llama.cpp/granite-1b-expert.log,2874,4225066.7
prefill,0,5,9,3,rdtsc,37817450,run_001:granite-1b-expert.log,/home/classified56/llama.cpp/granite-1b-expert.log,2875,4201938.888888889
prefill,0,6,16,3,rdtsc,67079139,run_001:granite-1b-expert.log,/home/classified56/llama.cpp/granite-1b-expert.log,2876,4192446.1875
prefill,0,7,23,3,rdtsc,96566108,run_001:granite-1b-expert.log,/home/classified56/llama.cpp/granite-1b-expert.log,2877,4198526.434782608
prefill,0,8,10,3,rdtsc,42345631,run_001:granite-1b-expert.log,/home/classified56/llama.cpp/granite-1b-expert.log,2878,4234563.1
prefill,0,9,6,3,rdtsc,25408822,run_001:granite-1b-expert.log,/home/classified56/llama.cpp/granite-1b-expert.log,2879,4234803.666666667
prefill,0,10,6,3,rdtsc,25180429,run_001:granite-1b-expert.log,/home/classified56/llama.cpp/granite-1b-expert.log,2880,4196738.166666667
prefill,0,11,11,3,rdtsc,46340919,run_001:granite-1b-expert.log,/home/classified56/llama.cpp/granite-1b-expert.log,2881,4212810.818181818
prefill,0,12,9,3,rdtsc,37775502,run_001:granite-1b-expert.log,/home/classified56/llama.cpp/granite-1b-expert.log,2882,4197278.0
prefill,0,13,11,3,rdtsc,47346614,run_001:granite-1b-expert.log,/home/classified56/llama.cpp/granite-1b-expert.log,2883,4304237.636363637
prefill,0,14,16,3,rdtsc,67284270,run_001:granite-1b-expert.log,/home/classified56/llama.cpp/granite-1b-expert.log,2884,4205266.875
prefill,0,15,5,3,rdtsc,21746544,run_001:granite-1b-expert.log,/home/classified56/llama.cpp/granite-1b-expert.log,2885,4349308.8
prefill,0,16,25,3,rdtsc,104186354,run_001:granite-1b-expert.log,/home/classified56/llama.cpp/granite-1b-expert.log,2886,4167454.16
prefill,0,17,14,3,rdtsc,58535628,run_001:granite-1b-expert.log,/home/classified56/llama.cpp/granite-1b-expert.log,2887,4181116.285714286
prefill,0,18,5,3,rdtsc,21090106,run_001:granite-1b-expert.log,/home/classified56/llama.cpp/granite-1b-expert.log,2888,4218021.2
prefill,0,19,14,3,rdtsc,59306029,run_001:granite-1b-expert.log,/home/classified56/llama.cpp/granite-1b-expert.log,2889,4236144.928571428
prefill,0,20,9,3,rdtsc,38281751,run_001:granite-1b-expert.log,/home/classified56/llama.cpp/granite-1b-expert.log,2890,4253527.888888889
prefill,0,21,26,3,rdtsc,110667341,run_001:granite-1b-expert.log,/home/classified56/llama.cpp/granite-1b-expert.log,2891,4256436.192307692
prefill,0,22,13,3,rdtsc,55130542,run_001:granite-1b-expert.log,/home/classified56/llama.cpp/granite-1b-expert.log,2892,4240810.923076923
prefill,0,23,12,3,rdtsc,50715008,run_001:granite-1b-expert.log,/home/classified56/llama.cpp/granite-1b-expert.log,2893,4226250.666666667
prefill,0,24,7,3,rdtsc,29699555,run_001:granite-1b-expert.log,/home/classified56/llama.cpp/granite-1b-expert.log,2894,4242793.571428572
prefill,0,25,22,3,rdtsc,93853668,run_001:granite-1b-expert.log,/home/classified56/llama.cpp/granite-1b-expert.log,2895,4266075.818181818
prefill,0,26,12,3,rdtsc,50759575,run_001:granite-1b-expert.log,/home/classified56/llama.cpp/granite-1b-expert.log,2896,4229964.583333333
prefill,0,27,12,3,rdtsc,50640081,run_001:granite-1b-expert.log,/home/classified56/llama.cpp/granite-1b-expert.log,2897,4220006.75
prefill,0,28,13,3,rdtsc,54538043,run_001:granite-1b-expert.log,/home/classified56/llama.cpp/granite-1b-expert.log,2898,4195234.076923077
prefill,0,29,14,3,rdtsc,58401913,run_001:granite-1b-expert.log,/home/classified56/llama.cpp/granite-1b-expert.log,2899,4171565.214285714
prefill,0,30,18,3,rdtsc,75533757,run_001:granite-1b-expert.log,/home/classified56/llama.cpp/granite-1b-expert.log,2900,4196319.833333333
prefill,0,31,36,3,rdtsc,150592333,run_001:granite-1b-expert.log,/home/classified56/llama.cpp/granite-1b-expert.log,2901,4183120.361111111
prefill,1,0,0,0,rdtsc,0,run_001:granite-1b-expert.log,/home/classified56/llama.cpp/granite-1b-expert.log,2902,
prefill,1,1,42,3,rdtsc,176442527,run_001:granite-1b-expert.log,/home/classified56/llama.cpp/granite-1b-expert.log,2903,4201012.547619048
prefill,1,2,5,3,rdtsc,21191331,run_001:granite-1b-expert.log,/home/classified56/llama.cpp/granite-1b-expert.log,2904,4238266.2
prefill,1,3,27,3,rdtsc,113832854,run_001:granite-1b-expert.log,/home/classified56/llama.cpp/granite-1b-expert.log,2905,4216031.62962963
prefill,1,4,10,3,rdtsc,42102510,run_001:granite-1b-expert.log,/home/classified56/llama.cpp/granite-1b-expert.log,2906,4210251.0
prefill,1,5,0,0,rdtsc,0,run_001:granite-1b-expert.log,/home/classified56/llama.cpp/granite-1b-expert.log,2907,
prefill,1,6,12,3,rdtsc,50384097,run_001:granite-1b-expert.log,/home/classified56/llama.cpp/granite-1b-expert.log,2908,4198674.75
prefill,1,7,0,0,rdtsc,0,run_001:granite-1b-expert.log,/home/classified56/llama.cpp/granite-1b-expert.log,2909,
prefill,1,8,57,3,rdtsc,241289389,run_001:granite-1b-expert.log,/home/classified56/llama.cpp/granite-1b-expert.log,2910,4233147.175438597
prefill,1,9,1,3,rdtsc,4713309,run_001:granite-1b-expert.log,/home/classified56/llama.cpp/granite-1b-expert.log,2911,4713309.0
prefill,1,10,0,0,rdtsc,0,run_001:granite-1b-expert.log,/home/classified56/llama.cpp/granite-1b-expert.log,2912,
prefill,1,11,1,3,rdtsc,4680600,run_001:granite-1b-expert.log,/home/classified56/llama.cpp/granite-1b-expert.log,2913,4680600.0
prefill,1,12,0,0,rdtsc,0,run_001:granite-1b-expert.log,/home/classified56/llama.cpp/granite-1b-expert.log,2914,
prefill,1,13,57,3,rdtsc,241099775,run_001:granite-1b-expert.log,/home/classified56/llama.cpp/granite-1b-expert.log,2915,4229820.614035088
prefill,1,14,26,3,rdtsc,109947351,run_001:granite-1b-expert.log,/home/classified56/llama.cpp/granite-1b-expert.log,2916,4228744.269230769
prefill,1,15,1,3,rdtsc,4625660,run_001:granite-1b-expert.log,/home/classified56/llama.cpp/granite-1b-expert.log,2917,4625660.0
prefill,1,16,0,0,rdtsc,0,run_001:granite-1b-expert.log,/home/classified56/llama.cpp/granite-1b-expert.log,2918,
prefill,1,17,1,3,rdtsc,4703568,run_001:granite-1b-expert.log,/home/classified56/llama.cpp/granite-1b-expert.log,2919,4703568.0
prefill,1,18,2,3,rdtsc,8737408,run_001:granite-1b-expert.log,/home/classified56/llama.cpp/granite-1b-expert.log,2920,4368704.0
prefill,1,19,57,3,rdtsc,241049873,run_001:granite-1b-expert.log,/home/classified56/llama.cpp/granite-1b-expert.log,2921,4228945.140350877
prefill,1,20,23,3,rdtsc,96928685,run_001:granite-1b-expert.log,/home/classified56/llama.cpp/granite-1b-expert.log,2922,4214290.652173913
prefill,1,21,11,3,rdtsc,46690280,run_001:granite-1b-expert.log,/home/classified56/llama.cpp/granite-1b-expert.log,2923,4244570.909090909
prefill,1,22,1,3,rdtsc,4905026,run_001:granite-1b-expert.log,/home/classified56/llama.cpp/granite-1b-expert.log,2924,4905026.0
prefill,1,23,21,3,rdtsc,89077638,run_001:granite-1b-expert.log,/home/classified56/llama.cpp/granite-1b-expert.log,2925,4241792.285714285
prefill,1,24,2,3,rdtsc,8619089,run_001:granite-1b-expert.log,/home/classified56/llama.cpp/granite-1b-expert.log,2926,4309544.5
prefill,1,25,29,3,rdtsc,122559472,run_001:granite-1b-expert.log,/home/classified56/llama.cpp/granite-1b-expert.log,2927,4226188.689655173
prefill,1,26,5,3,rdtsc,21134806,run_001:granite-1b-expert.log,/home/classified56/llama.cpp/granite-1b-expert.log,2928,4226961.2
prefill,1,27,2,3,rdtsc,8633843,run_001:granite-1b-expert.log,/home/classified56/llama.cpp/granite-1b-expert.log,2929,4316921.5
prefill,1,28,7,3,rdtsc,29948641,run_001:granite-1b-expert.log,/home/classified56/llama.cpp/granite-1b-expert.log,2930,4278377.285714285
prefill,1,29,15,3,rdtsc,63066580,run_001:granite-1b-expert.log,/home/classified56/llama.cpp/granite-1b-expert.log,2931,4204438.666666667
prefill,1,30,23,3,rdtsc,96889090,run_001:granite-1b-expert.log,/home/classified56/llama.cpp/granite-1b-expert.log,2932,4212569.130434782
prefill,1,31,18,3,rdtsc,75401573,run_001:granite-1b-expert.log,/home/classified56/llama.cpp/granite-1b-expert.log,2933,4188976.277777778
prefill,2,0,11,3,rdtsc,46776815,run_001:granite-1b-expert.log,/home/classified56/llama.cpp/granite-1b-expert.log,2934,4252437.7272727275
prefill,2,1,37,3,rdtsc,154694616,run_001:granite-1b-expert.log,/home/classified56/llama.cpp/granite-1b-expert.log,2935,4180935.5675675673
prefill,2,2,3,3,rdtsc,12680054,run_001:granite-1b-expert.log,/home/classified56/llama.cpp/granite-1b-expert.log,2936,4226684.666666667
prefill,2,3,1,3,rdtsc,4638761,run_001:granite-1b-expert.log,/home/classified56/llama.cpp/granite-1b-expert.log,2937,4638761.0
prefill,2,4,6,3,rdtsc,25079675,run_001:granite-1b-expert.log,/home/classified56/llama.cpp/granite-1b-expert.log,2938,4179945.8333333335
prefill,2,5,47,3,rdtsc,195531366,run_001:granite-1b-expert.log,/home/classified56/llama.cpp/granite-1b-expert.log,2939,4160241.829787234
prefill,2,6,3,3,rdtsc,12747314,run_001:granite-1b-expert.log,/home/classified56/llama.cpp/granite-1b-expert.log,2940,4249104.666666667
prefill,2,7,1,3,rdtsc,4708914,run_001:granite-1b-expert.log,/home/classified56/llama.cpp/granite-1b-expert.log,2941,4708914.0
prefill,2,8,10,3,rdtsc,42142911,run_001:granite-1b-expert.log,/home/classified56/llama.cpp/granite-1b-expert.log,2942,4214291.1
prefill,2,9,6,3,rdtsc,25315038,run_001:granite-1b-expert.log,/home/classified56/llama.cpp/granite-1b-expert.log,2943,4219173.0
prefill,2,10,0,0,rdtsc,0,run_001:granite-1b-expert.log,/home/classified56/llama.cpp/granite-1b-expert.log,2944,
prefill,2,11,6,3,rdtsc,25331570,run_001:granite-1b-expert.log,/home/classified56/llama.cpp/granite-1b-expert.log,2945,4221928.333333333
prefill,2,12,6,3,rdtsc,25216209,run_001:granite-1b-expert.log,/home/classified56/llama.cpp/granite-1b-expert.log,2946,4202701.5
prefill,2,13,1,3,rdtsc,4622894,run_001:granite-1b-expert.log,/home/classified56/llama.cpp/granite-1b-expert.log,2947,4622894.0
prefill,2,14,2,3,rdtsc,8654449,run_001:granite-1b-expert.log,/home/classified56/llama.cpp/granite-1b-expert.log,2948,4327224.5
prefill,2,15,4,3,rdtsc,16970415,run_001:granite-1b-expert.log,/home/classified56/llama.cpp/granite-1b-expert.log,2949,4242603.75
prefill,2,16,0,0,rdtsc,0,run_001:granite-1b-expert.log,/home/classified56/llama.cpp/granite-1b-expert.log,2950,
prefill,2,17,10,3,rdtsc,42447050,run_001:granite-1b-expert.log,/home/classified56/llama.cpp/granite-1b-expert.log,2951,4244705.0
prefill,2,18,33,3,rdtsc,139948370,run_001:granite-1b-expert.log,/home/classified56/llama.cpp/granite-1b-expert.log,2952,4240859.696969697
prefill,2,19,1,3,rdtsc,4614125,run_001:granite-1b-expert.log,/home/classified56/llama.cpp/granite-1b-expert.log,2953,4614125.0
prefill,2,20,9,3,rdtsc,37993570,run_001:granite-1b-expert.log,/home/classified56/llama.cpp/granite-1b-expert.log,2954,4221507.777777778
prefill,2,21,0,0,rdtsc,0,run_001:granite-1b-expert.log,/home/classified56/llama.cpp/granite-1b-expert.log,2955,
prefill,2,22,25,3,rdtsc,106136540,run_001:granite-1b-expert.log,/home/classified56/llama.cpp/granite-1b-expert.log,2956,4245461.6
prefill,2,23,10,3,rdtsc,42381192,run_001:granite-1b-expert.log,/home/classified56/llama.cpp/granite-1b-expert.log,2957,4238119.2
prefill,2,24,57,3,rdtsc,240033054,run_001:granite-1b-expert.log,/home/classified56/llama.cpp/granite-1b-expert.log,2958,4211106.2105263155
prefill,2,25,4,3,rdtsc,17036653,run_001:granite-1b-expert.log,/home/classified56/llama.cpp/granite-1b-expert.log,2959,4259163.25
prefill,2,26,57,3,rdtsc,238709004,run_001:granite-1b-expert.log,/home/classified56/llama.cpp/granite-1b-expert.log,2960,4187877.263157895
prefill,2,27,14,3,rdtsc,58696152,run_001:granite-1b-expert.log,/home/classified56/llama.cpp/granite-1b-expert.log,2961,4192582.285714286
prefill,2,28,44,3,rdtsc,185638356,run_001:granite-1b-expert.log,/home/classified56/llama.cpp/granite-1b-expert.log,2962,4219053.545454546
prefill,2,29,3,3,rdtsc,13007783,run_001:granite-1b-expert.log,/home/classified56/llama.cpp/granite-1b-expert.log,2963,4335927.666666667
prefill,2,30,26,3,rdtsc,111139012,run_001:granite-1b-expert.log,/home/classified56/llama.cpp/granite-1b-expert.log,2964,4274577.384615385
prefill,2,31,19,3,rdtsc,80838837,run_001:granite-1b-expert.log,/home/classified56/llama.cpp/granite-1b-expert.log,2965,4254675.631578947
prefill,3,0,20,3,rdtsc,83643470,run_001:granite-1b-expert.log,/home/classified56/llama.cpp/granite-1b-expert.log,2966,4182173.5
prefill,3,1,24,3,rdtsc,99785395,run_001:granite-1b-expert.log,/home/classified56/llama.cpp/granite-1b-expert.log,2967,4157724.7916666665
prefill,3,2,52,3,rdtsc,215847928,run_001:granite-1b-expert.log,/home/classified56/llama.cpp/granite-1b-expert.log,2968,4150921.6923076925
prefill,3,3,6,3,rdtsc,25046639,run_001:granite-1b-expert.log,/home/classified56/llama.cpp/granite-1b-expert.log,2969,4174439.8333333335
prefill,3,4,18,3,rdtsc,75095544,run_001:granite-1b-expert.log,/home/classified56/llama.cpp/granite-1b-expert.log,2970,4171974.6666666665
prefill,3,5,4,3,rdtsc,16771502,run_001:granite-1b-expert.log,/home/classified56/llama.cpp/granite-1b-expert.log,2971,4192875.5
prefill,3,6,6,3,rdtsc,25244367,run_001:granite-1b-expert.log,/home/classified56/llama.cpp/granite-1b-expert.log,2972,4207394.5
prefill,3,7,7,3,rdtsc,29421565,run_001:granite-1b-expert.log,/home/classified56/llama.cpp/granite-1b-expert.log,2973,4203080.714285715
prefill,3,8,4,3,rdtsc,16758253,run_001:granite-1b-expert.log,/home/classified56/llama.cpp/granite-1b-expert.log,2974,4189563.25
prefill,3,9,5,3,rdtsc,21042572,run_001:granite-1b-expert.log,/home/classified56/llama.cpp/granite-1b-expert.log,2975,4208514.4
prefill,3,10,13,3,rdtsc,54212665,run_001:granite-1b-expert.log,/home/classified56/llama.cpp/granite-1b-expert.log,2976,4170205.0
prefill,3,11,2,3,rdtsc,8587146,run_001:granite-1b-expert.log,/home/classified56/llama.cpp/granite-1b-expert.log,2977,4293573.0
prefill,3,12,11,3,rdtsc,45727330,run_001:granite-1b-expert.log,/home/classified56/llama.cpp/granite-1b-expert.log,2978,4157030.0
prefill,3,13,27,3,rdtsc,112407854,run_001:granite-1b-expert.log,/home/classified56/llama.cpp/granite-1b-expert.log,2979,4163253.8518518517
prefill,3,14,1,3,rdtsc,4612148,run_001:granite-1b-expert.log,/home/classified56/llama.cpp/granite-1b-expert.log,2980,4612148.0
prefill,3,15,16,3,rdtsc,66521607,run_001:granite-1b-expert.log,/home/classified56/llama.cpp/granite-1b-expert.log,2981,4157600.4375
prefill,3,16,44,3,rdtsc,182606297,run_001:granite-1b-expert.log,/home/classified56/llama.cpp/granite-1b-expert.log,2982,4150143.1136363638
prefill,3,17,8,3,rdtsc,33272497,run_001:granite-1b-expert.log,/home/classified56/llama.cpp/granite-1b-expert.log,2983,4159062.125
prefill,3,18,16,3,rdtsc,66541050,run_001:granite-1b-expert.log,/home/classified56/llama.cpp/granite-1b-expert.log,2984,4158815.625
prefill,3,19,6,3,rdtsc,25074484,run_001:granite-1b-expert.log,/home/classified56/llama.cpp/granite-1b-expert.log,2985,4179080.6666666665
prefill,3,20,14,3,rdtsc,58340113,run_001:granite-1b-expert.log,/home/classified56/llama.cpp/granite-1b-expert.log,2986,4167150.9285714286
prefill,3,21,7,3,rdtsc,29242101,run_001:granite-1b-expert.log,/home/classified56/llama.cpp/granite-1b-expert.log,2987,4177443.0
prefill,3,22,12,3,rdtsc,49791638,run_001:granite-1b-expert.log,/home/classified56/llama.cpp/granite-1b-expert.log,2988,4149303.1666666665
prefill,3,23,13,3,rdtsc,54092643,run_001:granite-1b-expert.log,/home/classified56/llama.cpp/granite-1b-expert.log,2989,4160972.5384615385
prefill,3,24,9,3,rdtsc,37562095,run_001:granite-1b-expert.log,/home/classified56/llama.cpp/granite-1b-expert.log,2990,4173566.111111111
prefill,3,25,3,3,rdtsc,12874974,run_001:granite-1b-expert.log,/home/classified56/llama.cpp/granite-1b-expert.log,2991,4291658.0
prefill,3,26,23,3,rdtsc,95589508,run_001:granite-1b-expert.log,/home/classified56/llama.cpp/granite-1b-expert.log,2992,4156065.565217391
prefill,3,27,12,3,rdtsc,49916022,run_001:granite-1b-expert.log,/home/classified56/llama.cpp/granite-1b-expert.log,2993,4159668.5
prefill,3,28,8,3,rdtsc,33510704,run_001:granite-1b-expert.log,/home/classified56/llama.cpp/granite-1b-expert.log,2994,4188838.0
prefill,3,29,22,3,rdtsc,91407951,run_001:granite-1b-expert.log,/home/classified56/llama.cpp/granite-1b-expert.log,2995,4154906.8636363638
prefill,3,30,31,3,rdtsc,129053996,run_001:granite-1b-expert.log,/home/classified56/llama.cpp/granite-1b-expert.log,2996,4163032.129032258
prefill,3,31,12,3,rdtsc,49942159,run_001:granite-1b-expert.log,/home/classified56/llama.cpp/granite-1b-expert.log,2997,4161846.5833333335
prefill,4,0,0,0,rdtsc,0,run_001:granite-1b-expert.log,/home/classified56/llama.cpp/granite-1b-expert.log,2998,
prefill,4,1,18,3,rdtsc,75040950,run_001:granite-1b-expert.log,/home/classified56/llama.cpp/granite-1b-expert.log,2999,4168941.6666666665
prefill,4,2,9,3,rdtsc,37786702,run_001:granite-1b-expert.log,/home/classified56/llama.cpp/granite-1b-expert.log,3000,4198522.444444444
prefill,4,3,22,3,rdtsc,91368297,run_001:granite-1b-expert.log,/home/classified56/llama.cpp/granite-1b-expert.log,3001,4153104.409090909
prefill,4,4,9,3,rdtsc,37590794,run_001:granite-1b-expert.log,/home/classified56/llama.cpp/granite-1b-expert.log,3002,4176754.888888889
prefill,4,5,16,3,rdtsc,67361521,run_001:granite-1b-expert.log,/home/classified56/llama.cpp/granite-1b-expert.log,3003,4210095.0625
prefill,4,6,8,3,rdtsc,33378211,run_001:granite-1b-expert.log,/home/classified56/llama.cpp/granite-1b-expert.log,3004,4172276.375
prefill,4,7,16,3,rdtsc,66574862,run_001:granite-1b-expert.log,/home/classified56/llama.cpp/granite-1b-expert.log,3005,4160928.875
prefill,4,8,9,3,rdtsc,37533884,run_001:granite-1b-expert.log,/home/classified56/llama.cpp/granite-1b-expert.log,3006,4170431.5555555555
prefill,4,9,17,3,rdtsc,70830653,run_001:granite-1b-expert.log,/home/classified56/llama.cpp/granite-1b-expert.log,3007,4166509.0
prefill,4,10,13,3,rdtsc,54085461,run_001:granite-1b-expert.log,/home/classified56/llama.cpp/granite-1b-expert.log,3008,4160420.076923077
prefill,4,11,31,3,rdtsc,128612993,run_001:granite-1b-expert.log,/home/classified56/llama.cpp/granite-1b-expert.log,3009,4148806.2258064514
prefill,4,12,25,3,rdtsc,103858359,run_001:granite-1b-expert.log,/home/classified56/llama.cpp/granite-1b-expert.log,3010,4154334.36
prefill,4,13,4,3,rdtsc,16746061,run_001:granite-1b-expert.log,/home/classified56/llama.cpp/granite-1b-expert.log,3011,4186515.25
prefill,4,14,9,3,rdtsc,37680036,run_001:granite-1b-expert.log,/home/classified56/llama.cpp/granite-1b-expert.log,3012,4186670.6666666665
prefill,4,15,15,3,rdtsc,62485511,run_001:granite-1b-expert.log,/home/classified56/llama.cpp/granite-1b-expert.log,3013,4165700.7333333334
prefill,4,16,10,3,rdtsc,41590032,run_001:granite-1b-expert.log,/home/classified56/llama.cpp/granite-1b-expert.log,3014,4159003.2
prefill,4,17,13,3,rdtsc,54105264,run_001:granite-1b-expert.log,/home/classified56/llama.cpp/granite-1b-expert.log,3015,4161943.3846153845
prefill,4,18,10,3,rdtsc,41668007,run_001:granite-1b-expert.log,/home/classified56/llama.cpp/granite-1b-expert.log,3016,4166800.7
prefill,4,19,12,3,rdtsc,49938267,run_001:granite-1b-expert.log,/home/classified56/llama.cpp/granite-1b-expert.log,3017,4161522.25
prefill,4,20,13,3,rdtsc,54185055,run_001:granite-1b-expert.log,/home/classified56/llama.cpp/granite-1b-expert.log,3018,4168081.153846154
prefill,4,21,21,3,rdtsc,87428396,run_001:granite-1b-expert.log,/home/classified56/llama.cpp/granite-1b-expert.log,3019,4163256.9523809524
prefill,4,22,5,3,rdtsc,21032034,run_001:granite-1b-expert.log,/home/classified56/llama.cpp/granite-1b-expert.log,3020,4206406.8
prefill,4,23,32,3,rdtsc,132662492,run_001:granite-1b-expert.log,/home/classified56/llama.cpp/granite-1b-expert.log,3021,4145702.875
prefill,4,24,0,0,rdtsc,0,run_001:granite-1b-expert.log,/home/classified56/llama.cpp/granite-1b-expert.log,3022,
prefill,4,25,4,3,rdtsc,16874733,run_001:granite-1b-expert.log,/home/classified56/llama.cpp/granite-1b-expert.log,3023,4218683.25
prefill,4,26,16,3,rdtsc,66707393,run_001:granite-1b-expert.log,/home/classified56/llama.cpp/granite-1b-expert.log,3024,4169212.0625
prefill,4,27,17,3,rdtsc,70936932,run_001:granite-1b-expert.log,/home/classified56/llama.cpp/granite-1b-expert.log,3025,4172760.705882353
prefill,4,28,8,3,rdtsc,33305633,run_001:granite-1b-expert.log,/home/classified56/llama.cpp/granite-1b-expert.log,3026,4163204.125
prefill,4,29,15,3,rdtsc,72678464,run_001:granite-1b-expert.log,/home/classified56/llama.cpp/granite-1b-expert.log,3027,4845230.933333334
prefill,4,30,31,3,rdtsc,144992612,run_001:granite-1b-expert.log,/home/classified56/llama.cpp/granite-1b-expert.log,3028,4677181.0322580645
prefill,4,31,28,3,rdtsc,122209684,run_001:granite-1b-expert.log,/home/classified56/llama.cpp/granite-1b-expert.log,3029,4364631.571428572
prefill,5,0,11,3,rdtsc,45917941,run_001:granite-1b-expert.log,/home/classified56/llama.cpp/granite-1b-expert.log,3030,4174358.272727273
prefill,5,1,0,0,rdtsc,0,run_001:granite-1b-expert.log,/home/classified56/llama.cpp/granite-1b-expert.log,3031,
prefill,5,2,5,3,rdtsc,21034320,run_001:granite-1b-expert.log,/home/classified56/llama.cpp/granite-1b-expert.log,3032,4206864.0
prefill,5,3,28,3,rdtsc,116252777,run_001:granite-1b-expert.log,/home/classified56/llama.cpp/granite-1b-expert.log,3033,4151884.8928571427
prefill,5,4,11,3,rdtsc,45727565,run_001:granite-1b-expert.log,/home/classified56/llama.cpp/granite-1b-expert.log,3034,4157051.3636363638
prefill,5,5,14,3,rdtsc,58296132,run_001:granite-1b-expert.log,/home/classified56/llama.cpp/granite-1b-expert.log,3035,4164009.4285714286
prefill,5,6,10,3,rdtsc,41623763,run_001:granite-1b-expert.log,/home/classified56/llama.cpp/granite-1b-expert.log,3036,4162376.3
prefill,5,7,20,3,rdtsc,83301132,run_001:granite-1b-expert.log,/home/classified56/llama.cpp/granite-1b-expert.log,3037,4165056.6
prefill,5,8,43,3,rdtsc,178536119,run_001:granite-1b-expert.log,/home/classified56/llama.cpp/granite-1b-expert.log,3038,4152002.7674418604
prefill,5,9,6,3,rdtsc,25035220,run_001:granite-1b-expert.log,/home/classified56/llama.cpp/granite-1b-expert.log,3039,4172536.6666666665
prefill,5,10,12,3,rdtsc,49895583,run_001:granite-1b-expert.log,/home/classified56/llama.cpp/granite-1b-expert.log,3040,4157965.25
prefill,5,11,8,3,rdtsc,33264504,run_001:granite-1b-expert.log,/home/classified56/llama.cpp/granite-1b-expert.log,3041,4158063.0
prefill,5,12,4,3,rdtsc,16792914,run_001:granite-1b-expert.log,/home/classified56/llama.cpp/granite-1b-expert.log,3042,4198228.5
prefill,5,13,19,3,rdtsc,79179467,run_001:granite-1b-expert.log,/home/classified56/llama.cpp/granite-1b-expert.log,3043,4167340.3684210526
prefill,5,14,9,3,rdtsc,37570938,run_001:granite-1b-expert.log,/home/classified56/llama.cpp/granite-1b-expert.log,3044,4174548.6666666665
prefill,5,15,5,3,rdtsc,21264974,run_001:granite-1b-expert.log,/home/classified56/llama.cpp/granite-1b-expert.log,3045,4252994.8
prefill,5,16,21,3,rdtsc,87177700,run_001:granite-1b-expert.log,/home/classified56/llama.cpp/granite-1b-expert.log,3046,4151319.0476190476
prefill,5,17,6,3,rdtsc,25358961,run_001:granite-1b-expert.log,/home/classified56/llama.cpp/granite-1b-expert.log,3047,4226493.5
prefill,5,18,9,3,rdtsc,38298528,run_001:granite-1b-expert.log,/home/classified56/llama.cpp/granite-1b-expert.log,3048,4255392.0
prefill,5,19,7,3,rdtsc,29491544,run_001:granite-1b-expert.log,/home/classified56/llama.cpp/granite-1b-expert.log,3049,4213077.714285715
prefill,5,20,12,3,rdtsc,50077821,run_001:granite-1b-expert.log,/home/classified56/llama.cpp/granite-1b-expert.log,3050,4173151.75
prefill,5,21,10,3,rdtsc,41818837,run_001:granite-1b-expert.log,/home/classified56/llama.cpp/granite-1b-expert.log,3051,4181883.7
prefill,5,22,9,3,rdtsc,37577367,run_001:granite-1b-expert.log,/home/classified56/llama.cpp/granite-1b-expert.log,3052,4175263.0
prefill,5,23,2,3,rdtsc,8539296,run_001:granite-1b-expert.log,/home/classified56/llama.cpp/granite-1b-expert.log,3053,4269648.0
prefill,5,24,56,3,rdtsc,232929176,run_001:granite-1b-expert.log,/home/classified56/llama.cpp/granite-1b-expert.log,3054,4159449.5714285714
prefill,5,25,18,3,rdtsc,74933756,run_001:granite-1b-expert.log,/home/classified56/llama.cpp/granite-1b-expert.log,3055,4162986.4444444445
prefill,5,26,23,3,rdtsc,95446444,run_001:granite-1b-expert.log,/home/classified56/llama.cpp/granite-1b-expert.log,3056,4149845.3913043477
prefill,5,27,15,3,rdtsc,62521609,run_001:granite-1b-expert.log,/home/classified56/llama.cpp/granite-1b-expert.log,3057,4168107.2666666666
prefill,5,28,9,3,rdtsc,37697055,run_001:granite-1b-expert.log,/home/classified56/llama.cpp/granite-1b-expert.log,3058,4188561.6666666665
prefill,5,29,7,3,rdtsc,29259689,run_001:granite-1b-expert.log,/home/classified56/llama.cpp/granite-1b-expert.log,3059,4179955.5714285714
prefill,5,30,31,3,rdtsc,128515991,run_001:granite-1b-expert.log,/home/classified56/llama.cpp/granite-1b-expert.log,3060,4145677.129032258
prefill,5,31,16,3,rdtsc,66423734,run_001:granite-1b-expert.log,/home/classified56/llama.cpp/granite-1b-expert.log,3061,4151483.375
prefill,6,0,14,3,rdtsc,58470775,run_001:granite-1b-expert.log,/home/classified56/llama.cpp/granite-1b-expert.log,3062,4176483.9285714286
prefill,6,1,7,3,rdtsc,29329144,run_001:granite-1b-expert.log,/home/classified56/llama.cpp/granite-1b-expert.log,3063,4189877.714285714
prefill,6,2,6,3,rdtsc,25488636,run_001:granite-1b-expert.log,/home/classified56/llama.cpp/granite-1b-expert.log,3064,4248106.0
prefill,6,3,0,0,rdtsc,0,run_001:granite-1b-expert.log,/home/classified56/llama.cpp/granite-1b-expert.log,3065,
prefill,6,4,14,3,rdtsc,58264270,run_001:granite-1b-expert.log,/home/classified56/llama.cpp/granite-1b-expert.log,3066,4161733.5714285714
prefill,6,5,10,3,rdtsc,42034678,run_001:granite-1b-expert.log,/home/classified56/llama.cpp/granite-1b-expert.log,3067,4203467.8
prefill,6,6,19,3,rdtsc,79293111,run_001:granite-1b-expert.log,/home/classified56/llama.cpp/granite-1b-expert.log,3068,4173321.6315789474
prefill,6,7,15,3,rdtsc,62271149,run_001:granite-1b-expert.log,/home/classified56/llama.cpp/granite-1b-expert.log,3069,4151409.933333333
prefill,6,8,1,3,rdtsc,4620495,run_001:granite-1b-expert.log,/home/classified56/llama.cpp/granite-1b-expert.log,3070,4620495.0
prefill,6,9,9,3,rdtsc,37608459,run_001:granite-1b-expert.log,/home/classified56/llama.cpp/granite-1b-expert.log,3071,4178717.6666666665
prefill,6,10,4,3,rdtsc,16801854,run_001:granite-1b-expert.log,/home/classified56/llama.cpp/granite-1b-expert.log,3072,4200463.5
prefill,6,11,8,3,rdtsc,33244470,run_001:granite-1b-expert.log,/home/classified56/llama.cpp/granite-1b-expert.log,3073,4155558.75
prefill,6,12,39,3,rdtsc,161855969,run_001:granite-1b-expert.log,/home/classified56/llama.cpp/granite-1b-expert.log,3074,4150153.0512820515
prefill,6,13,11,3,rdtsc,45766774,run_001:granite-1b-expert.log,/home/classified56/llama.cpp/granite-1b-expert.log,3075,4160615.8181818184
prefill,6,14,22,3,rdtsc,91711414,run_001:granite-1b-expert.log,/home/classified56/llama.cpp/granite-1b-expert.log,3076,4168700.6363636362
prefill,6,15,11,3,rdtsc,45789953,run_001:granite-1b-expert.log,/home/classified56/llama.cpp/granite-1b-expert.log,3077,4162723.0
prefill,6,16,22,3,rdtsc,91476627,run_001:granite-1b-expert.log,/home/classified56/llama.cpp/granite-1b-expert.log,3078,4158028.5
prefill,6,17,10,3,rdtsc,41701277,run_001:granite-1b-expert.log,/home/classified56/llama.cpp/granite-1b-expert.log,3079,4170127.7
prefill,6,18,3,3,rdtsc,12669947,run_001:granite-1b-expert.log,/home/classified56/llama.cpp/granite-1b-expert.log,3080,4223315.666666667
prefill,6,19,6,3,rdtsc,25294524,run_001:granite-1b-expert.log,/home/classified56/llama.cpp/granite-1b-expert.log,3081,4215754.0
prefill,6,20,45,3,rdtsc,186846197,run_001:granite-1b-expert.log,/home/classified56/llama.cpp/granite-1b-expert.log,3082,4152137.711111111
prefill,6,21,48,3,rdtsc,199241865,run_001:granite-1b-expert.log,/home/classified56/llama.cpp/granite-1b-expert.log,3083,4150872.1875
prefill,6,22,1,3,rdtsc,4621354,run_001:granite-1b-expert.log,/home/classified56/llama.cpp/granite-1b-expert.log,3084,4621354.0
prefill,6,23,18,3,rdtsc,76173895,run_001:granite-1b-expert.log,/home/classified56/llama.cpp/granite-1b-expert.log,3085,4231883.055555556
prefill,6,24,4,3,rdtsc,16877798,run_001:granite-1b-expert.log,/home/classified56/llama.cpp/granite-1b-expert.log,3086,4219449.5
prefill,6,25,13,3,rdtsc,54126651,run_001:granite-1b-expert.log,/home/classified56/llama.cpp/granite-1b-expert.log,3087,4163588.5384615385
prefill,6,26,17,3,rdtsc,71251110,run_001:granite-1b-expert.log,/home/classified56/llama.cpp/granite-1b-expert.log,3088,4191241.7647058824
prefill,6,27,24,3,rdtsc,99696092,run_001:granite-1b-expert.log,/home/classified56/llama.cpp/granite-1b-expert.log,3089,4154003.8333333335
prefill,6,28,7,3,rdtsc,29782779,run_001:granite-1b-expert.log,/home/classified56/llama.cpp/granite-1b-expert.log,3090,4254682.714285715
prefill,6,29,13,3,rdtsc,54229408,run_001:granite-1b-expert.log,/home/classified56/llama.cpp/granite-1b-expert.log,3091,4171492.923076923
prefill,6,30,17,3,rdtsc,70902721,run_001:granite-1b-expert.log,/home/classified56/llama.cpp/granite-1b-expert.log,3092,4170748.294117647
prefill,6,31,18,3,rdtsc,74999888,run_001:granite-1b-expert.log,/home/classified56/llama.cpp/granite-1b-expert.log,3093,4166660.4444444445
prefill,7,0,24,3,rdtsc,100798380,run_001:granite-1b-expert.log,/home/classified56/llama.cpp/granite-1b-expert.log,3094,4199932.5
prefill,7,1,24,3,rdtsc,99826499,run_001:granite-1b-expert.log,/home/classified56/llama.cpp/granite-1b-expert.log,3095,4159437.4583333335
prefill,7,2,1,3,rdtsc,4623967,run_001:granite-1b-expert.log,/home/classified56/llama.cpp/granite-1b-expert.log,3096,4623967.0
prefill,7,3,19,3,rdtsc,79012183,run_001:granite-1b-expert.log,/home/classified56/llama.cpp/granite-1b-expert.log,3097,4158535.947368421
prefill,7,4,32,3,rdtsc,132990290,run_001:granite-1b-expert.log,/home/classified56/llama.cpp/granite-1b-expert.log,3098,4155946.5625
prefill,7,5,4,3,rdtsc,16881266,run_001:granite-1b-expert.log,/home/classified56/llama.cpp/granite-1b-expert.log,3099,4220316.5
prefill,7,6,7,3,rdtsc,29170307,run_001:granite-1b-expert.log,/home/classified56/llama.cpp/granite-1b-expert.log,3100,4167186.714285714
prefill,7,7,9,3,rdtsc,37651140,run_001:granite-1b-expert.log,/home/classified56/llama.cpp/granite-1b-expert.log,3101,4183460.0
prefill,7,8,0,0,rdtsc,0,run_001:granite-1b-expert.log,/home/classified56/llama.cpp/granite-1b-expert.log,3102,
prefill,7,9,1,3,rdtsc,4626953,run_001:granite-1b-expert.log,/home/classified56/llama.cpp/granite-1b-expert.log,3103,4626953.0
prefill,7,10,9,3,rdtsc,37560988,run_001:granite-1b-expert.log,/home/classified56/llama.cpp/granite-1b-expert.log,3104,4173443.111111111
prefill,7,11,4,3,rdtsc,16765426,run_001:granite-1b-expert.log,/home/classified56/llama.cpp/granite-1b-expert.log,3105,4191356.5
prefill,7,12,4,3,rdtsc,16766175,run_001:granite-1b-expert.log,/home/classified56/llama.cpp/granite-1b-expert.log,3106,4191543.75
prefill,7,13,43,3,rdtsc,179802243,run_001:granite-1b-expert.log,/home/classified56/llama.cpp/granite-1b-expert.log,3107,4181447.511627907
prefill,7,14,26,3,rdtsc,108657199,run_001:granite-1b-expert.log,/home/classified56/llama.cpp/granite-1b-expert.log,3108,4179123.0384615385
prefill,7,15,7,3,rdtsc,29261326,run_001:granite-1b-expert.log,/home/classified56/llama.cpp/granite-1b-expert.log,3109,4180189.4285714286
prefill,7,16,35,3,rdtsc,145340672,run_001:granite-1b-expert.log,/home/classified56/llama.cpp/granite-1b-expert.log,3110,4152590.6285714284
prefill,7,17,14,3,rdtsc,58446662,run_001:granite-1b-expert.log,/home/classified56/llama.cpp/granite-1b-expert.log,3111,4174761.5714285714
prefill,7,18,10,3,rdtsc,41622871,run_001:granite-1b-expert.log,/home/classified56/llama.cpp/granite-1b-expert.log,3112,4162287.1
prefill,7,19,0,0,rdtsc,0,run_001:granite-1b-expert.log,/home/classified56/llama.cpp/granite-1b-expert.log,3113,
prefill,7,20,0,0,rdtsc,0,run_001:granite-1b-expert.log,/home/classified56/llama.cpp/granite-1b-expert.log,3114,
prefill,7,21,3,3,rdtsc,12646785,run_001:granite-1b-expert.log,/home/classified56/llama.cpp/granite-1b-expert.log,3115,4215595.0
prefill,7,22,14,3,rdtsc,58213250,run_001:granite-1b-expert.log,/home/classified56/llama.cpp/granite-1b-expert.log,3116,4158089.285714286
prefill,7,23,38,3,rdtsc,158105549,run_001:granite-1b-expert.log,/home/classified56/llama.cpp/granite-1b-expert.log,3117,4160672.3421052634
prefill,7,24,10,3,rdtsc,41561771,run_001:granite-1b-expert.log,/home/classified56/llama.cpp/granite-1b-expert.log,3118,4156177.1
prefill,7,25,13,3,rdtsc,54855010,run_001:granite-1b-expert.log,/home/classified56/llama.cpp/granite-1b-expert.log,3119,4219616.153846154
prefill,7,26,22,3,rdtsc,91511540,run_001:granite-1b-expert.log,/home/classified56/llama.cpp/granite-1b-expert.log,3120,4159615.4545454546
prefill,7,27,28,3,rdtsc,116165617,run_001:granite-1b-expert.log,/home/classified56/llama.cpp/granite-1b-expert.log,3121,4148772.035714286
prefill,7,28,20,3,rdtsc,83250883,run_001:granite-1b-expert.log,/home/classified56/llama.cpp/granite-1b-expert.log,3122,4162544.15
prefill,7,29,25,3,rdtsc,104137453,run_001:granite-1b-expert.log,/home/classified56/llama.cpp/granite-1b-expert.log,3123,4165498.12
prefill,7,30,9,3,rdtsc,37556627,run_001:granite-1b-expert.log,/home/classified56/llama.cpp/granite-1b-expert.log,3124,4172958.5555555555
prefill,7,31,1,3,rdtsc,4635030,run_001:granite-1b-expert.log,/home/classified56/llama.cpp/granite-1b-expert.log,3125,4635030.0
prefill,8,0,13,3,rdtsc,54217722,run_001:granite-1b-expert.log,/home/classified56/llama.cpp/granite-1b-expert.log,3126,4170594.0
prefill,8,1,25,3,rdtsc,103950020,run_001:granite-1b-expert.log,/home/classified56/llama.cpp/granite-1b-expert.log,3127,4158000.8
prefill,8,2,0,0,rdtsc,0,run_001:granite-1b-expert.log,/home/classified56/llama.cpp/granite-1b-expert.log,3128,
prefill,8,3,15,3,rdtsc,63851361,run_001:granite-1b-expert.log,/home/classified56/llama.cpp/granite-1b-expert.log,3129,4256757.4
prefill,8,4,16,3,rdtsc,66382727,run_001:granite-1b-expert.log,/home/classified56/llama.cpp/granite-1b-expert.log,3130,4148920.4375
prefill,8,5,40,3,rdtsc,166455612,run_001:granite-1b-expert.log,/home/classified56/llama.cpp/granite-1b-expert.log,3131,4161390.3
prefill,8,6,17,3,rdtsc,70798025,run_001:granite-1b-expert.log,/home/classified56/llama.cpp/granite-1b-expert.log,3132,4164589.705882353
prefill,8,7,18,3,rdtsc,75000061,run_001:granite-1b-expert.log,/home/classified56/llama.cpp/granite-1b-expert.log,3133,4166670.0555555555
prefill,8,8,40,3,rdtsc,166127523,run_001:granite-1b-expert.log,/home/classified56/llama.cpp/granite-1b-expert.log,3134,4153188.075
prefill,8,9,20,3,rdtsc,83253744,run_001:granite-1b-expert.log,/home/classified56/llama.cpp/granite-1b-expert.log,3135,4162687.2
prefill,8,10,3,3,rdtsc,12773153,run_001:granite-1b-expert.log,/home/classified56/llama.cpp/granite-1b-expert.log,3136,4257717.666666667
prefill,8,11,6,3,rdtsc,25063967,run_001:granite-1b-expert.log,/home/classified56/llama.cpp/granite-1b-expert.log,3137,4177327.8333333335
prefill,8,12,0,0,rdtsc,0,run_001:granite-1b-expert.log,/home/classified56/llama.cpp/granite-1b-expert.log,3138,
prefill,8,13,21,3,rdtsc,87463469,run_001:granite-1b-expert.log,/home/classified56/llama.cpp/granite-1b-expert.log,3139,4164927.095238095
prefill,8,14,4,3,rdtsc,16761603,run_001:granite-1b-expert.log,/home/classified56/llama.cpp/granite-1b-expert.log,3140,4190400.75
prefill,8,15,30,3,rdtsc,124675152,run_001:granite-1b-expert.log,/home/classified56/llama.cpp/granite-1b-expert.log,3141,4155838.4
prefill,8,16,37,3,rdtsc,153691129,run_001:granite-1b-expert.log,/home/classified56/llama.cpp/granite-1b-expert.log,3142,4153814.2972972975
prefill,8,17,16,3,rdtsc,66551293,run_001:granite-1b-expert.log,/home/classified56/llama.cpp/granite-1b-expert.log,3143,4159455.8125
prefill,8,18,13,3,rdtsc,54208914,run_001:granite-1b-expert.log,/home/classified56/llama.cpp/granite-1b-expert.log,3144,4169916.4615384615
prefill,8,19,0,0,rdtsc,0,run_001:granite-1b-expert.log,/home/classified56/llama.cpp/granite-1b-expert.log,3145,
prefill,8,20,22,3,rdtsc,91565970,run_001:granite-1b-expert.log,/home/classified56/llama.cpp/granite-1b-expert.log,3146,4162089.5454545454
prefill,8,21,2,3,rdtsc,8553703,run_001:granite-1b-expert.log,/home/classified56/llama.cpp/granite-1b-expert.log,3147,4276851.5
prefill,8,22,19,3,rdtsc,79099833,run_001:granite-1b-expert.log,/home/classified56/llama.cpp/granite-1b-expert.log,3148,4163149.1052631577
prefill,8,23,0,0,rdtsc,0,run_001:granite-1b-expert.log,/home/classified56/llama.cpp/granite-1b-expert.log,3149,
prefill,8,24,5,3,rdtsc,21037523,run_001:granite-1b-expert.log,/home/classified56/llama.cpp/granite-1b-expert.log,3150,4207504.6
prefill,8,25,5,3,rdtsc,21072210,run_001:granite-1b-expert.log,/home/classified56/llama.cpp/granite-1b-expert.log,3151,4214442.0
prefill,8,26,25,3,rdtsc,104129556,run_001:granite-1b-expert.log,/home/classified56/llama.cpp/granite-1b-expert.log,3152,4165182.24
prefill,8,27,1,3,rdtsc,4627362,run_001:granite-1b-expert.log,/home/classified56/llama.cpp/granite-1b-expert.log,3153,4627362.0
prefill,8,28,7,3,rdtsc,29353754,run_001:granite-1b-expert.log,/home/classified56/llama.cpp/granite-1b-expert.log,3154,4193393.4285714286
prefill,8,29,10,3,rdtsc,42127858,run_001:granite-1b-expert.log,/home/classified56/llama.cpp/granite-1b-expert.log,3155,4212785.8
prefill,8,30,4,3,rdtsc,17004556,run_001:granite-1b-expert.log,/home/classified56/llama.cpp/granite-1b-expert.log,3156,4251139.0
prefill,8,31,22,3,rdtsc,91707740,run_001:granite-1b-expert.log,/home/classified56/llama.cpp/granite-1b-expert.log,3157,4168533.6363636362
prefill,9,0,7,3,rdtsc,29291552,run_001:granite-1b-expert.log,/home/classified56/llama.cpp/granite-1b-expert.log,3158,4184507.4285714286
prefill,9,1,0,0,rdtsc,0,run_001:granite-1b-expert.log,/home/classified56/llama.cpp/granite-1b-expert.log,3159,
prefill,9,2,3,3,rdtsc,12668071,run_001:granite-1b-expert.log,/home/classified56/llama.cpp/granite-1b-expert.log,3160,4222690.333333333
prefill,9,3,7,3,rdtsc,29215395,run_001:granite-1b-expert.log,/home/classified56/llama.cpp/granite-1b-expert.log,3161,4173627.8571428573
prefill,9,4,1,3,rdtsc,4629076,run_001:granite-1b-expert.log,/home/classified56/llama.cpp/granite-1b-expert.log,3162,4629076.0
prefill,9,5,14,3,rdtsc,58232227,run_001:granite-1b-expert.log,/home/classified56/llama.cpp/granite-1b-expert.log,3163,4159444.785714286
prefill,9,6,3,3,rdtsc,12677158,run_001:granite-1b-expert.log,/home/classified56/llama.cpp/granite-1b-expert.log,3164,4225719.333333333
prefill,9,7,41,3,rdtsc,170315891,run_001:granite-1b-expert.log,/home/classified56/llama.cpp/granite-1b-expert.log,3165,4154046.1219512196
prefill,9,8,6,3,rdtsc,25093799,run_001:granite-1b-expert.log,/home/classified56/llama.cpp/granite-1b-expert.log,3166,4182299.8333333335
prefill,9,9,50,3,rdtsc,207712479,run_001:granite-1b-expert.log,/home/classified56/llama.cpp/granite-1b-expert.log,3167,4154249.58
prefill,9,10,0,0,rdtsc,0,run_001:granite-1b-expert.log,/home/classified56/llama.cpp/granite-1b-expert.log,3168,
prefill,9,11,39,3,rdtsc,161861510,run_001:granite-1b-expert.log,/home/classified56/llama.cpp/granite-1b-expert.log,3169,4150295.128205128
prefill,9,12,13,3,rdtsc,54092657,run_001:granite-1b-expert.log,/home/classified56/llama.cpp/granite-1b-expert.log,3170,4160973.6153846155
prefill,9,13,4,3,rdtsc,16768301,run_001:granite-1b-expert.log,/home/classified56/llama.cpp/granite-1b-expert.log,3171,4192075.25
prefill,9,14,1,3,rdtsc,4619975,run_001:granite-1b-expert.log,/home/classified56/llama.cpp/granite-1b-expert.log,3172,4619975.0
prefill,9,15,24,3,rdtsc,99558187,run_001:granite-1b-expert.log,/home/classified56/llama.cpp/granite-1b-expert.log,3173,4148257.7916666665
prefill,9,16,33,3,rdtsc,137310037,run_001:granite-1b-expert.log,/home/classified56/llama.cpp/granite-1b-expert.log,3174,4160910.212121212
prefill,9,17,25,3,rdtsc,103944103,run_001:granite-1b-expert.log,/home/classified56/llama.cpp/granite-1b-expert.log,3175,4157764.12
prefill,9,18,8,3,rdtsc,33413961,run_001:granite-1b-expert.log,/home/classified56/llama.cpp/granite-1b-expert.log,3176,4176745.125
prefill,9,19,1,3,rdtsc,4616448,run_001:granite-1b-expert.log,/home/classified56/llama.cpp/granite-1b-expert.log,3177,4616448.0
prefill,9,20,20,3,rdtsc,83191641,run_001:granite-1b-expert.log,/home/classified56/llama.cpp/granite-1b-expert.log,3178,4159582.05
prefill,9,21,21,3,rdtsc,87812143,run_001:granite-1b-expert.log,/home/classified56/llama.cpp/granite-1b-expert.log,3179,4181530.619047619
prefill,9,22,26,3,rdtsc,108403295,run_001:granite-1b-expert.log,/home/classified56/llama.cpp/granite-1b-expert.log,3180,4169357.5
prefill,9,23,7,3,rdtsc,29434109,run_001:granite-1b-expert.log,/home/classified56/llama.cpp/granite-1b-expert.log,3181,4204872.714285715
prefill,9,24,4,3,rdtsc,17292927,run_001:granite-1b-expert.log,/home/classified56/llama.cpp/granite-1b-expert.log,3182,4323231.75
prefill,9,25,13,3,rdtsc,54598914,run_001:granite-1b-expert.log,/home/classified56/llama.cpp/granite-1b-expert.log,3183,4199916.461538462
prefill,9,26,26,3,rdtsc,108845943,run_001:granite-1b-expert.log,/home/classified56/llama.cpp/granite-1b-expert.log,3184,4186382.423076923
prefill,9,27,10,3,rdtsc,41726038,run_001:granite-1b-expert.log,/home/classified56/llama.cpp/granite-1b-expert.log,3185,4172603.8
prefill,9,28,16,3,rdtsc,66532218,run_001:granite-1b-expert.log,/home/classified56/llama.cpp/granite-1b-expert.log,3186,4158263.625
prefill,9,29,10,3,rdtsc,41694619,run_001:granite-1b-expert.log,/home/classified56/llama.cpp/granite-1b-expert.log,3187,4169461.9
prefill,9,30,18,3,rdtsc,75040232,run_001:granite-1b-expert.log,/home/classified56/llama.cpp/granite-1b-expert.log,3188,4168901.777777778
prefill,9,31,5,3,rdtsc,21121319,run_001:granite-1b-expert.log,/home/classified56/llama.cpp/granite-1b-expert.log,3189,4224263.8
prefill,10,0,6,3,rdtsc,25121686,run_001:granite-1b-expert.log,/home/classified56/llama.cpp/granite-1b-expert.log,3190,4186947.6666666665
prefill,10,1,7,3,rdtsc,29256609,run_001:granite-1b-expert.log,/home/classified56/llama.cpp/granite-1b-expert.log,3191,4179515.5714285714
prefill,10,2,1,3,rdtsc,4621020,run_001:granite-1b-expert.log,/home/classified56/llama.cpp/granite-1b-expert.log,3192,4621020.0
prefill,10,3,2,3,rdtsc,8574252,run_001:granite-1b-expert.log,/home/classified56/llama.cpp/granite-1b-expert.log,3193,4287126.0
prefill,10,4,8,3,rdtsc,33346402,run_001:granite-1b-expert.log,/home/classified56/llama.cpp/granite-1b-expert.log,3194,4168300.25
prefill,10,5,26,3,rdtsc,108012487,run_001:granite-1b-expert.log,/home/classified56/llama.cpp/granite-1b-expert.log,3195,4154326.423076923
prefill,10,6,44,3,rdtsc,182960492,run_001:granite-1b-expert.log,/home/classified56/llama.cpp/granite-1b-expert.log,3196,4158193.0
prefill,10,7,0,0,rdtsc,0,run_001:granite-1b-expert.log,/home/classified56/llama.cpp/granite-1b-expert.log,3197,
prefill,10,8,0,0,rdtsc,0,run_001:granite-1b-expert.log,/home/classified56/llama.cpp/granite-1b-expert.log,3198,
prefill,10,9,2,3,rdtsc,8647249,run_001:granite-1b-expert.log,/home/classified56/llama.cpp/granite-1b-expert.log,3199,4323624.5
prefill,10,10,43,3,rdtsc,178337906,run_001:granite-1b-expert.log,/home/classified56/llama.cpp/granite-1b-expert.log,3200,4147393.1627906975
prefill,10,11,11,3,rdtsc,45784685,run_001:granite-1b-expert.log,/home/classified56/llama.cpp/granite-1b-expert.log,3201,4162244.090909091
prefill,10,12,0,0,rdtsc,0,run_001:granite-1b-expert.log,/home/classified56/llama.cpp/granite-1b-expert.log,3202,
prefill,10,13,22,3,rdtsc,91565995,run_001:granite-1b-expert.log,/home/classified56/llama.cpp/granite-1b-expert.log,3203,4162090.6818181816
prefill,10,14,4,3,rdtsc,16766673,run_001:granite-1b-expert.log,/home/classified56/llama.cpp/granite-1b-expert.log,3204,4191668.25
prefill,10,15,36,3,rdtsc,149950983,run_001:granite-1b-expert.log,/home/classified56/llama.cpp/granite-1b-expert.log,3205,4165305.0833333335
prefill,10,16,25,3,rdtsc,105161499,run_001:granite-1b-expert.log,/home/classified56/llama.cpp/granite-1b-expert.log,3206,4206459.96
prefill,10,17,32,3,rdtsc,132771019,run_001:granite-1b-expert.log,/home/classified56/llama.cpp/granite-1b-expert.log,3207,4149094.34375
prefill,10,18,11,3,rdtsc,45910221,run_001:granite-1b-expert.log,/home/classified56/llama.cpp/granite-1b-expert.log,3208,4173656.4545454546
prefill,10,19,34,3,rdtsc,142164649,run_001:granite-1b-expert.log,/home/classified56/llama.cpp/granite-1b-expert.log,3209,4181313.205882353
prefill,10,20,7,3,rdtsc,29319338,run_001:granite-1b-expert.log,/home/classified56/llama.cpp/granite-1b-expert.log,3210,4188476.8571428573
prefill,10,21,14,3,rdtsc,58431867,run_001:granite-1b-expert.log,/home/classified56/llama.cpp/granite-1b-expert.log,3211,4173704.785714286
prefill,10,22,10,3,rdtsc,41755755,run_001:granite-1b-expert.log,/home/classified56/llama.cpp/granite-1b-expert.log,3212,4175575.5
prefill,10,23,5,3,rdtsc,21028400,run_001:granite-1b-expert.log,/home/classified56/llama.cpp/granite-1b-expert.log,3213,4205680.0
prefill,10,24,13,3,rdtsc,54156758,run_001:granite-1b-expert.log,/home/classified56/llama.cpp/granite-1b-expert.log,3214,4165904.4615384615
prefill,10,25,10,3,rdtsc,41743438,run_001:granite-1b-expert.log,/home/classified56/llama.cpp/granite-1b-expert.log,3215,4174343.8
prefill,10,26,3,3,rdtsc,12637294,run_001:granite-1b-expert.log,/home/classified56/llama.cpp/granite-1b-expert.log,3216,4212431.333333333
prefill,10,27,17,3,rdtsc,70805036,run_001:granite-1b-expert.log,/home/classified56/llama.cpp/granite-1b-expert.log,3217,4165002.117647059
prefill,10,28,51,3,rdtsc,211723971,run_001:granite-1b-expert.log,/home/classified56/llama.cpp/granite-1b-expert.log,3218,4151450.411764706
prefill,10,29,5,3,rdtsc,21030866,run_001:granite-1b-expert.log,/home/classified56/llama.cpp/granite-1b-expert.log,3219,4206173.2
prefill,10,30,1,3,rdtsc,4634364,run_001:granite-1b-expert.log,/home/classified56/llama.cpp/granite-1b-expert.log,3220,4634364.0
prefill,10,31,6,3,rdtsc,25111182,run_001:granite-1b-expert.log,/home/classified56/llama.cpp/granite-1b-expert.log,3221,4185197.0
prefill,11,0,1,3,rdtsc,4631942,run_001:granite-1b-expert.log,/home/classified56/llama.cpp/granite-1b-expert.log,3222,4631942.0
prefill,11,1,2,3,rdtsc,8605150,run_001:granite-1b-expert.log,/home/classified56/llama.cpp/granite-1b-expert.log,3223,4302575.0
prefill,11,2,4,3,rdtsc,16757654,run_001:granite-1b-expert.log,/home/classified56/llama.cpp/granite-1b-expert.log,3224,4189413.5
prefill,11,3,2,3,rdtsc,8644388,run_001:granite-1b-expert.log,/home/classified56/llama.cpp/granite-1b-expert.log,3225,4322194.0
prefill,11,4,26,3,rdtsc,107992164,run_001:granite-1b-expert.log,/home/classified56/llama.cpp/granite-1b-expert.log,3226,4153544.769230769
prefill,11,5,13,3,rdtsc,54293646,run_001:granite-1b-expert.log,/home/classified56/llama.cpp/granite-1b-expert.log,3227,4176434.3076923075
prefill,11,6,3,3,rdtsc,12665208,run_001:granite-1b-expert.log,/home/classified56/llama.cpp/granite-1b-expert.log,3228,4221736.0
prefill,11,7,8,3,rdtsc,33322154,run_001:granite-1b-expert.log,/home/classified56/llama.cpp/granite-1b-expert.log,3229,4165269.25
prefill,11,8,10,3,rdtsc,41618888,run_001:granite-1b-expert.log,/home/classified56/llama.cpp/granite-1b-expert.log,3230,4161888.8
prefill,11,9,10,3,rdtsc,41670188,run_001:granite-1b-expert.log,/home/classified56/llama.cpp/granite-1b-expert.log,3231,4167018.8
prefill,11,10,27,3,rdtsc,112394159,run_001:granite-1b-expert.log,/home/classified56/llama.cpp/granite-1b-expert.log,3232,4162746.6296296297
prefill,11,11,16,3,rdtsc,66420944,run_001:granite-1b-expert.log,/home/classified56/llama.cpp/granite-1b-expert.log,3233,4151309.0
prefill,11,12,26,3,rdtsc,107976839,run_001:granite-1b-expert.log,/home/classified56/llama.cpp/granite-1b-expert.log,3234,4152955.346153846
prefill,11,13,50,3,rdtsc,207825368,run_001:granite-1b-expert.log,/home/classified56/llama.cpp/granite-1b-expert.log,3235,4156507.36
prefill,11,14,7,3,rdtsc,29161102,run_001:granite-1b-expert.log,/home/classified56/llama.cpp/granite-1b-expert.log,3236,4165871.714285714
prefill,11,15,10,3,rdtsc,41671386,run_001:granite-1b-expert.log,/home/classified56/llama.cpp/granite-1b-expert.log,3237,4167138.6
prefill,11,16,9,3,rdtsc,37555856,run_001:granite-1b-expert.log,/home/classified56/llama.cpp/granite-1b-expert.log,3238,4172872.888888889
prefill,11,17,22,3,rdtsc,91700960,run_001:granite-1b-expert.log,/home/classified56/llama.cpp/granite-1b-expert.log,3239,4168225.4545454546
prefill,11,18,1,3,rdtsc,4620599,run_001:granite-1b-expert.log,/home/classified56/llama.cpp/granite-1b-expert.log,3240,4620599.0
prefill,11,19,28,3,rdtsc,116545094,run_001:granite-1b-expert.log,/home/classified56/llama.cpp/granite-1b-expert.log,3241,4162324.785714286
prefill,11,20,35,3,rdtsc,145232377,run_001:granite-1b-expert.log,/home/classified56/llama.cpp/granite-1b-expert.log,3242,4149496.4857142856
prefill,11,21,4,3,rdtsc,16754056,run_001:granite-1b-expert.log,/home/classified56/llama.cpp/granite-1b-expert.log,3243,4188514.0
prefill,11,22,5,3,rdtsc,21088892,run_001:granite-1b-expert.log,/home/classified56/llama.cpp/granite-1b-expert.log,3244,4217778.4
prefill,11,23,22,3,rdtsc,91421654,run_001:granite-1b-expert.log,/home/classified56/llama.cpp/granite-1b-expert.log,3245,4155529.727272727
prefill,11,24,34,3,rdtsc,141191397,run_001:granite-1b-expert.log,/home/classified56/llama.cpp/granite-1b-expert.log,3246,4152688.1470588236
prefill,11,25,40,3,rdtsc,166092492,run_001:granite-1b-expert.log,/home/classified56/llama.cpp/granite-1b-expert.log,3247,4152312.3
prefill,11,26,0,0,rdtsc,0,run_001:granite-1b-expert.log,/home/classified56/llama.cpp/granite-1b-expert.log,3248,
prefill,11,27,31,3,rdtsc,128743309,run_001:granite-1b-expert.log,/home/classified56/llama.cpp/granite-1b-expert.log,3249,4153009.9677419355
prefill,11,28,1,3,rdtsc,4627305,run_001:granite-1b-expert.log,/home/classified56/llama.cpp/granite-1b-expert.log,3250,4627305.0
prefill,11,29,4,3,rdtsc,16758062,run_001:granite-1b-expert.log,/home/classified56/llama.cpp/granite-1b-expert.log,3251,4189515.5
prefill,11,30,1,3,rdtsc,4638808,run_001:granite-1b-expert.log,/home/classified56/llama.cpp/granite-1b-expert.log,3252,4638808.0
prefill,11,31,4,3,rdtsc,16763736,run_001:granite-1b-expert.log,/home/classified56/llama.cpp/granite-1b-expert.log,3253,4190934.0
prefill,12,0,14,3,rdtsc,58905717,run_001:granite-1b-expert.log,/home/classified56/llama.cpp/granite-1b-expert.log,3254,4207551.214285715
prefill,12,1,38,3,rdtsc,158189877,run_001:granite-1b-expert.log,/home/classified56/llama.cpp/granite-1b-expert.log,3255,4162891.5
prefill,12,2,22,3,rdtsc,91525081,run_001:granite-1b-expert.log,/home/classified56/llama.cpp/granite-1b-expert.log,3256,4160230.9545454546
prefill,12,3,16,3,rdtsc,66449460,run_001:granite-1b-expert.log,/home/classified56/llama.cpp/granite-1b-expert.log,3257,4153091.25
prefill,12,4,9,3,rdtsc,37523933,run_001:granite-1b-expert.log,/home/classified56/llama.cpp/granite-1b-expert.log,3258,4169325.888888889
prefill,12,5,1,3,rdtsc,4629297,run_001:granite-1b-expert.log,/home/classified56/llama.cpp/granite-1b-expert.log,3259,4629297.0
prefill,12,6,27,3,rdtsc,112143333,run_001:granite-1b-expert.log,/home/classified56/llama.cpp/granite-1b-expert.log,3260,4153456.777777778
prefill,12,7,5,3,rdtsc,21467104,run_001:granite-1b-expert.log,/home/classified56/llama.cpp/granite-1b-expert.log,3261,4293420.8
prefill,12,8,1,3,rdtsc,4628302,run_001:granite-1b-expert.log,/home/classified56/llama.cpp/granite-1b-expert.log,3262,4628302.0
prefill,12,9,21,3,rdtsc,88283030,run_001:granite-1b-expert.log,/home/classified56/llama.cpp/granite-1b-expert.log,3263,4203953.80952381
prefill,12,10,3,3,rdtsc,12737062,run_001:granite-1b-expert.log,/home/classified56/llama.cpp/granite-1b-expert.log,3264,4245687.333333333
prefill,12,11,9,3,rdtsc,37683005,run_001:granite-1b-expert.log,/home/classified56/llama.cpp/granite-1b-expert.log,3265,4187000.5555555555
prefill,12,12,3,3,rdtsc,12770084,run_001:granite-1b-expert.log,/home/classified56/llama.cpp/granite-1b-expert.log,3266,4256694.666666667
prefill,12,13,4,3,rdtsc,16762097,run_001:granite-1b-expert.log,/home/classified56/llama.cpp/granite-1b-expert.log,3267,4190524.25
prefill,12,14,30,3,rdtsc,124435650,run_001:granite-1b-expert.log,/home/classified56/llama.cpp/granite-1b-expert.log,3268,4147855.0
prefill,12,15,0,0,rdtsc,0,run_001:granite-1b-expert.log,/home/classified56/llama.cpp/granite-1b-expert.log,3269,
prefill,12,16,43,3,rdtsc,178769738,run_001:granite-1b-expert.log,/home/classified56/llama.cpp/granite-1b-expert.log,3270,4157435.7674418604
prefill,12,17,11,3,rdtsc,45742542,run_001:granite-1b-expert.log,/home/classified56/llama.cpp/granite-1b-expert.log,3271,4158412.909090909
prefill,12,18,14,3,rdtsc,58393459,run_001:granite-1b-expert.log,/home/classified56/llama.cpp/granite-1b-expert.log,3272,4170961.3571428573
prefill,12,19,19,3,rdtsc,78989602,run_001:granite-1b-expert.log,/home/classified56/llama.cpp/granite-1b-expert.log,3273,4157347.4736842103
prefill,12,20,15,3,rdtsc,62325755,run_001:granite-1b-expert.log,/home/classified56/llama.cpp/granite-1b-expert.log,3274,4155050.3333333335
prefill,12,21,1,3,rdtsc,4618089,run_001:granite-1b-expert.log,/home/classified56/llama.cpp/granite-1b-expert.log,3275,4618089.0
prefill,12,22,8,3,rdtsc,33388490,run_001:granite-1b-expert.log,/home/classified56/llama.cpp/granite-1b-expert.log,3276,4173561.25
prefill,12,23,18,3,rdtsc,75272032,run_001:granite-1b-expert.log,/home/classified56/llama.cpp/granite-1b-expert.log,3277,4181779.5555555555
prefill,12,24,23,3,rdtsc,95484028,run_001:granite-1b-expert.log,/home/classified56/llama.cpp/granite-1b-expert.log,3278,4151479.4782608696
prefill,12,25,2,3,rdtsc,8577283,run_001:granite-1b-expert.log,/home/classified56/llama.cpp/granite-1b-expert.log,3279,4288641.5
prefill,12,26,42,3,rdtsc,174491485,run_001:granite-1b-expert.log,/home/classified56/llama.cpp/granite-1b-expert.log,3280,4154559.1666666665
prefill,12,27,1,3,rdtsc,4629089,run_001:granite-1b-expert.log,/home/classified56/llama.cpp/granite-1b-expert.log,3281,4629089.0
prefill,12,28,19,3,rdtsc,79038959,run_001:granite-1b-expert.log,/home/classified56/llama.cpp/granite-1b-expert.log,3282,4159945.210526316
prefill,12,29,28,3,rdtsc,116553275,run_001:granite-1b-expert.log,/home/classified56/llama.cpp/granite-1b-expert.log,3283,4162616.964285714
prefill,12,30,7,3,rdtsc,29160471,run_001:granite-1b-expert.log,/home/classified56/llama.cpp/granite-1b-expert.log,3284,4165781.5714285714
prefill,12,31,2,3,rdtsc,8730932,run_001:granite-1b-expert.log,/home/classified56/llama.cpp/granite-1b-expert.log,3285,4365466.0
prefill,13,0,9,3,rdtsc,38141646,run_001:granite-1b-expert.log,/home/classified56/llama.cpp/granite-1b-expert.log,3286,4237960.666666667
prefill,13,1,10,3,rdtsc,41779591,run_001:granite-1b-expert.log,/home/classified56/llama.cpp/granite-1b-expert.log,3287,4177959.1
prefill,13,2,16,3,rdtsc,66435262,run_001:granite-1b-expert.log,/home/classified56/llama.cpp/granite-1b-expert.log,3288,4152203.875
prefill,13,3,10,3,rdtsc,41563141,run_001:granite-1b-expert.log,/home/classified56/llama.cpp/granite-1b-expert.log,3289,4156314.1
prefill,13,4,1,3,rdtsc,4631835,run_001:granite-1b-expert.log,/home/classified56/llama.cpp/granite-1b-expert.log,3290,4631835.0
prefill,13,5,1,3,rdtsc,4638081,run_001:granite-1b-expert.log,/home/classified56/llama.cpp/granite-1b-expert.log,3291,4638081.0
prefill,13,6,36,3,rdtsc,150114585,run_001:granite-1b-expert.log,/home/classified56/llama.cpp/granite-1b-expert.log,3292,4169849.5833333335
prefill,13,7,10,3,rdtsc,41869563,run_001:granite-1b-expert.log,/home/classified56/llama.cpp/granite-1b-expert.log,3293,4186956.3
prefill,13,8,14,3,rdtsc,60057540,run_001:granite-1b-expert.log,/home/classified56/llama.cpp/granite-1b-expert.log,3294,4289824.285714285
prefill,13,9,1,3,rdtsc,4637644,run_001:granite-1b-expert.log,/home/classified56/llama.cpp/granite-1b-expert.log,3295,4637644.0
prefill,13,10,1,3,rdtsc,4635286,run_001:granite-1b-expert.log,/home/classified56/llama.cpp/granite-1b-expert.log,3296,4635286.0
prefill,13,11,8,3,rdtsc,33778281,run_001:granite-1b-expert.log,/home/classified56/llama.cpp/granite-1b-expert.log,3297,4222285.125
prefill,13,12,6,3,rdtsc,25085576,run_001:granite-1b-expert.log,/home/classified56/llama.cpp/granite-1b-expert.log,3298,4180929.3333333335
prefill,13,13,6,3,rdtsc,25193151,run_001:granite-1b-expert.log,/home/classified56/llama.cpp/granite-1b-expert.log,3299,4198858.5
prefill,13,14,15,3,rdtsc,62548278,run_001:granite-1b-expert.log,/home/classified56/llama.cpp/granite-1b-expert.log,3300,4169885.2
prefill,13,15,36,3,rdtsc,150730090,run_001:granite-1b-expert.log,/home/classified56/llama.cpp/granite-1b-expert.log,3301,4186946.9444444445
prefill,13,16,4,3,rdtsc,16877274,run_001:granite-1b-expert.log,/home/classified56/llama.cpp/granite-1b-expert.log,3302,4219318.5
prefill,13,17,5,3,rdtsc,21072577,run_001:granite-1b-expert.log,/home/classified56/llama.cpp/granite-1b-expert.log,3303,4214515.4
prefill,13,18,1,3,rdtsc,4625383,run_001:granite-1b-expert.log,/home/classified56/llama.cpp/granite-1b-expert.log,3304,4625383.0
prefill,13,19,26,3,rdtsc,108255041,run_001:granite-1b-expert.log,/home/classified56/llama.cpp/granite-1b-expert.log,3305,4163655.423076923
prefill,13,20,9,3,rdtsc,37640097,run_001:granite-1b-expert.log,/home/classified56/llama.cpp/granite-1b-expert.log,3306,4182233.0
prefill,13,21,16,3,rdtsc,67229838,run_001:granite-1b-expert.log,/home/classified56/llama.cpp/granite-1b-expert.log,3307,4201864.875
prefill,13,22,1,3,rdtsc,4632564,run_001:granite-1b-expert.log,/home/classified56/llama.cpp/granite-1b-expert.log,3308,4632564.0
prefill,13,23,37,3,rdtsc,153815946,run_001:granite-1b-expert.log,/home/classified56/llama.cpp/granite-1b-expert.log,3309,4157187.7297297297
prefill,13,24,46,3,rdtsc,191849668,run_001:granite-1b-expert.log,/home/classified56/llama.cpp/granite-1b-expert.log,3310,4170644.9565217393
prefill,13,25,2,3,rdtsc,8565618,run_001:granite-1b-expert.log,/home/classified56/llama.cpp/granite-1b-expert.log,3311,4282809.0
prefill,13,26,11,3,rdtsc,45741655,run_001:granite-1b-expert.log,/home/classified56/llama.cpp/granite-1b-expert.log,3312,4158332.272727273
prefill,13,27,1,3,rdtsc,4633293,run_001:granite-1b-expert.log,/home/classified56/llama.cpp/granite-1b-expert.log,3313,4633293.0
prefill,13,28,55,3,rdtsc,228501755,run_001:granite-1b-expert.log,/home/classified56/llama.cpp/granite-1b-expert.log,3314,4154577.3636363638
prefill,13,29,0,0,rdtsc,0,run_001:granite-1b-expert.log,/home/classified56/llama.cpp/granite-1b-expert.log,3315,
prefill,13,30,20,3,rdtsc,83480753,run_001:granite-1b-expert.log,/home/classified56/llama.cpp/granite-1b-expert.log,3316,4174037.65
prefill,13,31,42,3,rdtsc,174868483,run_001:granite-1b-expert.log,/home/classified56/llama.cpp/granite-1b-expert.log,3317,4163535.3095238097
prefill,14,0,9,3,rdtsc,37550440,run_001:granite-1b-expert.log,/home/classified56/llama.cpp/granite-1b-expert.log,3318,4172271.111111111
prefill,14,1,4,3,rdtsc,16775018,run_001:granite-1b-expert.log,/home/classified56/llama.cpp/granite-1b-expert.log,3319,4193754.5
prefill,14,2,3,3,rdtsc,12677368,run_001:granite-1b-expert.log,/home/classified56/llama.cpp/granite-1b-expert.log,3320,4225789.333333333
prefill,14,3,1,3,rdtsc,4623417,run_001:granite-1b-expert.log,/home/classified56/llama.cpp/granite-1b-expert.log,3321,4623417.0
prefill,14,4,22,3,rdtsc,91313804,run_001:granite-1b-expert.log,/home/classified56/llama.cpp/granite-1b-expert.log,3322,4150627.4545454546
prefill,14,5,30,3,rdtsc,125503578,run_001:granite-1b-expert.log,/home/classified56/llama.cpp/granite-1b-expert.log,3323,4183452.6
prefill,14,6,38,3,rdtsc,158055442,run_001:granite-1b-expert.log,/home/classified56/llama.cpp/granite-1b-expert.log,3324,4159353.736842105
prefill,14,7,5,3,rdtsc,21033842,run_001:granite-1b-expert.log,/home/classified56/llama.cpp/granite-1b-expert.log,3325,4206768.4
prefill,14,8,6,3,rdtsc,25056542,run_001:granite-1b-expert.log,/home/classified56/llama.cpp/granite-1b-expert.log,3326,4176090.3333333335
prefill,14,9,19,3,rdtsc,79282287,run_001:granite-1b-expert.log,/home/classified56/llama.cpp/granite-1b-expert.log,3327,4172751.947368421
prefill,14,10,40,3,rdtsc,166196129,run_001:granite-1b-expert.log,/home/classified56/llama.cpp/granite-1b-expert.log,3328,4154903.225
prefill,14,11,13,3,rdtsc,54218597,run_001:granite-1b-expert.log,/home/classified56/llama.cpp/granite-1b-expert.log,3329,4170661.3076923075
prefill,14,12,7,3,rdtsc,29229305,run_001:granite-1b-expert.log,/home/classified56/llama.cpp/granite-1b-expert.log,3330,4175615.0
prefill,14,13,2,3,rdtsc,8558441,run_001:granite-1b-expert.log,/home/classified56/llama.cpp/granite-1b-expert.log,3331,4279220.5
prefill,14,14,4,3,rdtsc,16770865,run_001:granite-1b-expert.log,/home/classified56/llama.cpp/granite-1b-expert.log,3332,4192716.25
prefill,14,15,19,3,rdtsc,79113667,run_001:granite-1b-expert.log,/home/classified56/llama.cpp/granite-1b-expert.log,3333,4163877.210526316
prefill,14,16,10,3,rdtsc,41598154,run_001:granite-1b-expert.log,/home/classified56/llama.cpp/granite-1b-expert.log,3334,4159815.4
prefill,14,17,11,3,rdtsc,46273280,run_001:granite-1b-expert.log,/home/classified56/llama.cpp/granite-1b-expert.log,3335,4206661.818181818
prefill,14,18,4,3,rdtsc,17723365,run_001:granite-1b-expert.log,/home/classified56/llama.cpp/granite-1b-expert.log,3336,4430841.25
prefill,14,19,34,3,rdtsc,143089872,run_001:granite-1b-expert.log,/home/classified56/llama.cpp/granite-1b-expert.log,3337,4208525.647058823
prefill,14,20,9,3,rdtsc,37654421,run_001:granite-1b-expert.log,/home/classified56/llama.cpp/granite-1b-expert.log,3338,4183824.5555555555
prefill,14,21,42,3,rdtsc,175100802,run_001:granite-1b-expert.log,/home/classified56/llama.cpp/granite-1b-expert.log,3339,4169066.714285714
prefill,14,22,0,0,rdtsc,0,run_001:granite-1b-expert.log,/home/classified56/llama.cpp/granite-1b-expert.log,3340,
prefill,14,23,26,3,rdtsc,107938890,run_001:granite-1b-expert.log,/home/classified56/llama.cpp/granite-1b-expert.log,3341,4151495.769230769
prefill,14,24,2,3,rdtsc,8619089,run_001:granite-1b-expert.log,/home/classified56/llama.cpp/granite-1b-expert.log,3342,4309544.5
prefill,14,25,16,3,rdtsc,66567953,run_001:granite-1b-expert.log,/home/classified56/llama.cpp/granite-1b-expert.log,3343,4160497.0625
prefill,14,26,30,3,rdtsc,124636404,run_001:granite-1b-expert.log,/home/classified56/llama.cpp/granite-1b-expert.log,3344,4154546.8
prefill,14,27,4,3,rdtsc,17031099,run_001:granite-1b-expert.log,/home/classified56/llama.cpp/granite-1b-expert.log,3345,4257774.75
prefill,14,28,11,3,rdtsc,45777916,run_001:granite-1b-expert.log,/home/classified56/llama.cpp/granite-1b-expert.log,3346,4161628.727272727
prefill,14,29,10,3,rdtsc,41789816,run_001:granite-1b-expert.log,/home/classified56/llama.cpp/granite-1b-expert.log,3347,4178981.6
prefill,14,30,16,3,rdtsc,66544217,run_001:granite-1b-expert.log,/home/classified56/llama.cpp/granite-1b-expert.log,3348,4159013.5625
prefill,14,31,9,3,rdtsc,37586988,run_001:granite-1b-expert.log,/home/classified56/llama.cpp/granite-1b-expert.log,3349,4176332.0
prefill,15,0,33,3,rdtsc,137504527,run_001:granite-1b-expert.log,/home/classified56/llama.cpp/granite-1b-expert.log,3350,4166803.8484848486
prefill,15,1,0,0,rdtsc,0,run_001:granite-1b-expert.log,/home/classified56/llama.cpp/granite-1b-expert.log,3351,
prefill,15,2,31,3,rdtsc,129067306,run_001:granite-1b-expert.log,/home/classified56/llama.cpp/granite-1b-expert.log,3352,4163461.4838709678
prefill,15,3,12,3,rdtsc,50049919,run_001:granite-1b-expert.log,/home/classified56/llama.cpp/granite-1b-expert.log,3353,4170826.5833333335
prefill,15,4,1,3,rdtsc,4617597,run_001:granite-1b-expert.log,/home/classified56/llama.cpp/granite-1b-expert.log,3354,4617597.0
prefill,15,5,33,3,rdtsc,137161360,run_001:granite-1b-expert.log,/home/classified56/llama.cpp/granite-1b-expert.log,3355,4156404.8484848486
prefill,15,6,10,3,rdtsc,42144972,run_001:granite-1b-expert.log,/home/classified56/llama.cpp/granite-1b-expert.log,3356,4214497.2
prefill,15,7,1,3,rdtsc,4631342,run_001:granite-1b-expert.log,/home/classified56/llama.cpp/granite-1b-expert.log,3357,4631342.0
prefill,15,8,15,3,rdtsc,62343075,run_001:granite-1b-expert.log,/home/classified56/llama.cpp/granite-1b-expert.log,3358,4156205.0
prefill,15,9,9,3,rdtsc,37608311,run_001:granite-1b-expert.log,/home/classified56/llama.cpp/granite-1b-expert.log,3359,4178701.222222222
prefill,15,10,39,3,rdtsc,162128277,run_001:granite-1b-expert.log,/home/classified56/llama.cpp/granite-1b-expert.log,3360,4157135.3076923075
prefill,15,11,12,3,rdtsc,50369007,run_001:granite-1b-expert.log,/home/classified56/llama.cpp/granite-1b-expert.log,3361,4197417.25
prefill,15,12,39,3,rdtsc,162204694,run_001:granite-1b-expert.log,/home/classified56/llama.cpp/granite-1b-expert.log,3362,4159094.717948718
prefill,15,13,10,3,rdtsc,41713055,run_001:granite-1b-expert.log,/home/classified56/llama.cpp/granite-1b-expert.log,3363,4171305.5
prefill,15,14,19,3,rdtsc,79192352,run_001:granite-1b-expert.log,/home/classified56/llama.cpp/granite-1b-expert.log,3364,4168018.5263157897
prefill,15,15,4,3,rdtsc,16774676,run_001:granite-1b-expert.log,/home/classified56/llama.cpp/granite-1b-expert.log,3365,4193669.0
prefill,15,16,5,3,rdtsc,21358316,run_001:granite-1b-expert.log,/home/classified56/llama.cpp/granite-1b-expert.log,3366,4271663.2
prefill,15,17,7,3,rdtsc,29220627,run_001:granite-1b-expert.log,/home/classified56/llama.cpp/granite-1b-expert.log,3367,4174375.285714286
prefill,15,18,5,3,rdtsc,21064677,run_001:granite-1b-expert.log,/home/classified56/llama.cpp/granite-1b-expert.log,3368,4212935.4
prefill,15,19,1,3,rdtsc,4631098,run_001:granite-1b-expert.log,/home/classified56/llama.cpp/granite-1b-expert.log,3369,4631098.0
prefill,15,20,8,3,rdtsc,33442823,run_001:granite-1b-expert.log,/home/classified56/llama.cpp/granite-1b-expert.log,3370,4180352.875
prefill,15,21,16,3,rdtsc,66639974,run_001:granite-1b-expert.log,/home/classified56/llama.cpp/granite-1b-expert.log,3371,4164998.375
prefill,15,22,4,3,rdtsc,16783765,run_001:granite-1b-expert.log,/home/classified56/llama.cpp/granite-1b-expert.log,3372,4195941.25
prefill,15,23,10,3,rdtsc,41597855,run_001:granite-1b-expert.log,/home/classified56/llama.cpp/granite-1b-expert.log,3373,4159785.5
prefill,15,24,29,3,rdtsc,120756017,run_001:granite-1b-expert.log,/home/classified56/llama.cpp/granite-1b-expert.log,3374,4164000.5862068967
prefill,15,25,16,3,rdtsc,66490306,run_001:granite-1b-expert.log,/home/classified56/llama.cpp/granite-1b-expert.log,3375,4155644.125
prefill,15,26,26,3,rdtsc,107968078,run_001:granite-1b-expert.log,/home/classified56/llama.cpp/granite-1b-expert.log,3376,4152618.3846153845
prefill,15,27,28,3,rdtsc,116462005,run_001:granite-1b-expert.log,/home/classified56/llama.cpp/granite-1b-expert.log,3377,4159357.3214285714
prefill,15,28,5,3,rdtsc,21050496,run_001:granite-1b-expert.log,/home/classified56/llama.cpp/granite-1b-expert.log,3378,4210099.2
prefill,15,29,8,3,rdtsc,33356837,run_001:granite-1b-expert.log,/home/classified56/llama.cpp/granite-1b-expert.log,3379,4169604.625
prefill,15,30,10,3,rdtsc,41641433,run_001:granite-1b-expert.log,/home/classified56/llama.cpp/granite-1b-expert.log,3380,4164143.3
prefill,15,31,10,3,rdtsc,41597144,run_001:granite-1b-expert.log,/home/classified56/llama.cpp/granite-1b-expert.log,3381,4159714.4
prefill,16,0,7,3,rdtsc,29227834,run_001:granite-1b-expert.log,/home/classified56/llama.cpp/granite-1b-expert.log,3382,4175404.8571428573
prefill,16,1,37,3,rdtsc,153760604,run_001:granite-1b-expert.log,/home/classified56/llama.cpp/granite-1b-expert.log,3383,4155692.0
prefill,16,2,14,3,rdtsc,58423268,run_001:granite-1b-expert.log,/home/classified56/llama.cpp/granite-1b-expert.log,3384,4173090.5714285714
prefill,16,3,13,3,rdtsc,54106361,run_001:granite-1b-expert.log,/home/classified56/llama.cpp/granite-1b-expert.log,3385,4162027.769230769
prefill,16,4,7,3,rdtsc,29294492,run_001:granite-1b-expert.log,/home/classified56/llama.cpp/granite-1b-expert.log,3386,4184927.4285714286
prefill,16,5,1,3,rdtsc,4627566,run_001:granite-1b-expert.log,/home/classified56/llama.cpp/granite-1b-expert.log,3387,4627566.0
prefill,16,6,32,3,rdtsc,132848388,run_001:granite-1b-expert.log,/home/classified56/llama.cpp/granite-1b-expert.log,3388,4151512.125
prefill,16,7,17,3,rdtsc,71197362,run_001:granite-1b-expert.log,/home/classified56/llama.cpp/granite-1b-expert.log,3389,4188080.117647059
prefill,16,8,11,3,rdtsc,45795136,run_001:granite-1b-expert.log,/home/classified56/llama.cpp/granite-1b-expert.log,3390,4163194.1818181816
prefill,16,9,36,3,rdtsc,149425533,run_001:granite-1b-expert.log,/home/classified56/llama.cpp/granite-1b-expert.log,3391,4150709.25
prefill,16,10,17,3,rdtsc,70693997,run_001:granite-1b-expert.log,/home/classified56/llama.cpp/granite-1b-expert.log,3392,4158470.411764706
prefill,16,11,0,0,rdtsc,0,run_001:granite-1b-expert.log,/home/classified56/llama.cpp/granite-1b-expert.log,3393,
prefill,16,12,5,3,rdtsc,21051385,run_001:granite-1b-expert.log,/home/classified56/llama.cpp/granite-1b-expert.log,3394,4210277.0
prefill,16,13,1,3,rdtsc,4623364,run_001:granite-1b-expert.log,/home/classified56/llama.cpp/granite-1b-expert.log,3395,4623364.0
prefill,16,14,24,3,rdtsc,99634000,run_001:granite-1b-expert.log,/home/classified56/llama.cpp/granite-1b-expert.log,3396,4151416.6666666665
prefill,16,15,39,3,rdtsc,162325409,run_001:granite-1b-expert.log,/home/classified56/llama.cpp/granite-1b-expert.log,3397,4162189.9743589745
prefill,16,16,2,3,rdtsc,8552228,run_001:granite-1b-expert.log,/home/classified56/llama.cpp/granite-1b-expert.log,3398,4276114.0
prefill,16,17,3,3,rdtsc,12643376,run_001:granite-1b-expert.log,/home/classified56/llama.cpp/granite-1b-expert.log,3399,4214458.666666667
prefill,16,18,8,3,rdtsc,33261651,run_001:granite-1b-expert.log,/home/classified56/llama.cpp/granite-1b-expert.log,3400,4157706.375
prefill,16,19,19,3,rdtsc,78922713,run_001:granite-1b-expert.log,/home/classified56/llama.cpp/granite-1b-expert.log,3401,4153827.0
prefill,16,20,14,3,rdtsc,58389988,run_001:granite-1b-expert.log,/home/classified56/llama.cpp/granite-1b-expert.log,3402,4170713.4285714286
prefill,16,21,0,0,rdtsc,0,run_001:granite-1b-expert.log,/home/classified56/llama.cpp/granite-1b-expert.log,3403,
prefill,16,22,34,3,rdtsc,141394022,run_001:granite-1b-expert.log,/home/classified56/llama.cpp/granite-1b-expert.log,3404,4158647.705882353
prefill,16,23,6,3,rdtsc,25073818,run_001:granite-1b-expert.log,/home/classified56/llama.cpp/granite-1b-expert.log,3405,4178969.6666666665
prefill,16,24,0,0,rdtsc,0,run_001:granite-1b-expert.log,/home/classified56/llama.cpp/granite-1b-expert.log,3406,
prefill,16,25,7,3,rdtsc,29231315,run_001:granite-1b-expert.log,/home/classified56/llama.cpp/granite-1b-expert.log,3407,4175902.1428571427
prefill,16,26,21,3,rdtsc,87295670,run_001:granite-1b-expert.log,/home/classified56/llama.cpp/granite-1b-expert.log,3408,4156936.6666666665
prefill,16,27,0,0,rdtsc,0,run_001:granite-1b-expert.log,/home/classified56/llama.cpp/granite-1b-expert.log,3409,
prefill,16,28,14,3,rdtsc,58442109,run_001:granite-1b-expert.log,/home/classified56/llama.cpp/granite-1b-expert.log,3410,4174436.3571428573
prefill,16,29,5,3,rdtsc,21064643,run_001:granite-1b-expert.log,/home/classified56/llama.cpp/granite-1b-expert.log,3411,4212928.6
prefill,16,30,31,3,rdtsc,128835454,run_001:granite-1b-expert.log,/home/classified56/llama.cpp/granite-1b-expert.log,3412,4155982.3870967743
prefill,16,31,31,3,rdtsc,129029673,run_001:granite-1b-expert.log,/home/classified56/llama.cpp/granite-1b-expert.log,3413,4162247.5161290322
prefill,17,0,3,3,rdtsc,12652565,run_001:granite-1b-expert.log,/home/classified56/llama.cpp/granite-1b-expert.log,3414,4217521.666666667
prefill,17,1,3,3,rdtsc,12656011,run_001:granite-1b-expert.log,/home/classified56/llama.cpp/granite-1b-expert.log,3415,4218670.333333333
prefill,17,2,19,3,rdtsc,79009037,run_001:granite-1b-expert.log,/home/classified56/llama.cpp/granite-1b-expert.log,3416,4158370.3684210526
prefill,17,3,1,3,rdtsc,4633122,run_001:granite-1b-expert.log,/home/classified56/llama.cpp/granite-1b-expert.log,3417,4633122.0
prefill,17,4,17,3,rdtsc,70785960,run_001:granite-1b-expert.log,/home/classified56/llama.cpp/granite-1b-expert.log,3418,4163880.0
prefill,17,5,7,3,rdtsc,29307682,run_001:granite-1b-expert.log,/home/classified56/llama.cpp/granite-1b-expert.log,3419,4186811.714285714
prefill,17,6,3,3,rdtsc,12766688,run_001:granite-1b-expert.log,/home/classified56/llama.cpp/granite-1b-expert.log,3420,4255562.666666667
prefill,17,7,7,3,rdtsc,29239532,run_001:granite-1b-expert.log,/home/classified56/llama.cpp/granite-1b-expert.log,3421,4177076.0
prefill,17,8,17,3,rdtsc,70833609,run_001:granite-1b-expert.log,/home/classified56/llama.cpp/granite-1b-expert.log,3422,4166682.882352941
prefill,17,9,7,3,rdtsc,29255223,run_001:granite-1b-expert.log,/home/classified56/llama.cpp/granite-1b-expert.log,3423,4179317.5714285714
prefill,17,10,16,3,rdtsc,66405386,run_001:granite-1b-expert.log,/home/classified56/llama.cpp/granite-1b-expert.log,3424,4150336.625
prefill,17,11,20,3,rdtsc,83683747,run_001:granite-1b-expert.log,/home/classified56/llama.cpp/granite-1b-expert.log,3425,4184187.35
prefill,17,12,35,3,rdtsc,145489574,run_001:granite-1b-expert.log,/home/classified56/llama.cpp/granite-1b-expert.log,3426,4156844.9714285713
prefill,17,13,6,3,rdtsc,25064003,run_001:granite-1b-expert.log,/home/classified56/llama.cpp/granite-1b-expert.log,3427,4177333.8333333335
prefill,17,14,13,3,rdtsc,54102342,run_001:granite-1b-expert.log,/home/classified56/llama.cpp/granite-1b-expert.log,3428,4161718.6153846155
prefill,17,15,21,3,rdtsc,87573825,run_001:granite-1b-expert.log,/home/classified56/llama.cpp/granite-1b-expert.log,3429,4170182.1428571427
prefill,17,16,41,3,rdtsc,170176917,run_001:granite-1b-expert.log,/home/classified56/llama.cpp/granite-1b-expert.log,3430,4150656.512195122
prefill,17,17,21,3,rdtsc,87323731,run_001:granite-1b-expert.log,/home/classified56/llama.cpp/granite-1b-expert.log,3431,4158272.904761905
prefill,17,18,29,3,rdtsc,120315094,run_001:granite-1b-expert.log,/home/classified56/llama.cpp/granite-1b-expert.log,3432,4148796.3448275863
prefill,17,19,3,3,rdtsc,12656003,run_001:granite-1b-expert.log,/home/classified56/llama.cpp/granite-1b-expert.log,3433,4218667.666666667
prefill,17,20,3,3,rdtsc,12634970,run_001:granite-1b-expert.log,/home/classified56/llama.cpp/granite-1b-expert.log,3434,4211656.666666667
prefill,17,21,12,3,rdtsc,49888189,run_001:granite-1b-expert.log,/home/classified56/llama.cpp/granite-1b-expert.log,3435,4157349.0833333335
prefill,17,22,10,3,rdtsc,41719920,run_001:granite-1b-expert.log,/home/classified56/llama.cpp/granite-1b-expert.log,3436,4171992.0
prefill,17,23,14,3,rdtsc,58296911,run_001:granite-1b-expert.log,/home/classified56/llama.cpp/granite-1b-expert.log,3437,4164065.0714285714
prefill,17,24,37,3,rdtsc,153589655,run_001:granite-1b-expert.log,/home/classified56/llama.cpp/granite-1b-expert.log,3438,4151071.756756757
prefill,17,25,7,3,rdtsc,29186803,run_001:granite-1b-expert.log,/home/classified56/llama.cpp/granite-1b-expert.log,3439,4169543.285714286
prefill,17,26,4,3,rdtsc,16779461,run_001:granite-1b-expert.log,/home/classified56/llama.cpp/granite-1b-expert.log,3440,4194865.25
prefill,17,27,14,3,rdtsc,58413528,run_001:granite-1b-expert.log,/home/classified56/llama.cpp/granite-1b-expert.log,3441,4172394.8571428573
prefill,17,28,33,3,rdtsc,137129263,run_001:granite-1b-expert.log,/home/classified56/llama.cpp/granite-1b-expert.log,3442,4155432.212121212
prefill,17,29,26,3,rdtsc,108237526,run_001:granite-1b-expert.log,/home/classified56/llama.cpp/granite-1b-expert.log,3443,4162981.769230769
prefill,17,30,1,3,rdtsc,4634302,run_001:granite-1b-expert.log,/home/classified56/llama.cpp/granite-1b-expert.log,3444,4634302.0
prefill,17,31,6,3,rdtsc,25102319,run_001:granite-1b-expert.log,/home/classified56/llama.cpp/granite-1b-expert.log,3445,4183719.8333333335
prefill,18,0,7,3,rdtsc,29252505,run_001:granite-1b-expert.log,/home/classified56/llama.cpp/granite-1b-expert.log,3446,4178929.285714286
prefill,18,1,6,3,rdtsc,25066965,run_001:granite-1b-expert.log,/home/classified56/llama.cpp/granite-1b-expert.log,3447,4177827.5
prefill,18,2,12,3,rdtsc,49885940,run_001:granite-1b-expert.log,/home/classified56/llama.cpp/granite-1b-expert.log,3448,4157161.6666666665
prefill,18,3,9,3,rdtsc,37573445,run_001:granite-1b-expert.log,/home/classified56/llama.cpp/granite-1b-expert.log,3449,4174827.222222222
prefill,18,4,13,3,rdtsc,54118011,run_001:granite-1b-expert.log,/home/classified56/llama.cpp/granite-1b-expert.log,3450,4162923.923076923
prefill,18,5,15,3,rdtsc,62357165,run_001:granite-1b-expert.log,/home/classified56/llama.cpp/granite-1b-expert.log,3451,4157144.3333333335
prefill,18,6,0,0,rdtsc,0,run_001:granite-1b-expert.log,/home/classified56/llama.cpp/granite-1b-expert.log,3452,
prefill,18,7,4,3,rdtsc,16979043,run_001:granite-1b-expert.log,/home/classified56/llama.cpp/granite-1b-expert.log,3453,4244760.75
prefill,18,8,40,3,rdtsc,167265144,run_001:granite-1b-expert.log,/home/classified56/llama.cpp/granite-1b-expert.log,3454,4181628.6
prefill,18,9,6,3,rdtsc,25353082,run_001:granite-1b-expert.log,/home/classified56/llama.cpp/granite-1b-expert.log,3455,4225513.666666667
prefill,18,10,17,3,rdtsc,71522624,run_001:granite-1b-expert.log,/home/classified56/llama.cpp/granite-1b-expert.log,3456,4207213.176470588
prefill,18,11,0,0,rdtsc,0,run_001:granite-1b-expert.log,/home/classified56/llama.cpp/granite-1b-expert.log,3457,
prefill,18,12,32,3,rdtsc,134271510,run_001:granite-1b-expert.log,/home/classified56/llama.cpp/granite-1b-expert.log,3458,4195984.6875
prefill,18,13,11,3,rdtsc,46033676,run_001:granite-1b-expert.log,/home/classified56/llama.cpp/granite-1b-expert.log,3459,4184879.6363636362
prefill,18,14,10,3,rdtsc,41973220,run_001:granite-1b-expert.log,/home/classified56/llama.cpp/granite-1b-expert.log,3460,4197322.0
prefill,18,15,21,3,rdtsc,87542427,run_001:granite-1b-expert.log,/home/classified56/llama.cpp/granite-1b-expert.log,3461,4168687.0
prefill,18,16,6,3,rdtsc,25056809,run_001:granite-1b-expert.log,/home/classified56/llama.cpp/granite-1b-expert.log,3462,4176134.8333333335
prefill,18,17,24,3,rdtsc,100044853,run_001:granite-1b-expert.log,/home/classified56/llama.cpp/granite-1b-expert.log,3463,4168535.5416666665
prefill,18,18,27,3,rdtsc,112706478,run_001:granite-1b-expert.log,/home/classified56/llama.cpp/granite-1b-expert.log,3464,4174314.0
prefill,18,19,4,3,rdtsc,16762753,run_001:granite-1b-expert.log,/home/classified56/llama.cpp/granite-1b-expert.log,3465,4190688.25
prefill,18,20,37,3,rdtsc,154490966,run_001:granite-1b-expert.log,/home/classified56/llama.cpp/granite-1b-expert.log,3466,4175431.5135135134
prefill,18,21,4,3,rdtsc,16768643,run_001:granite-1b-expert.log,/home/classified56/llama.cpp/granite-1b-expert.log,3467,4192160.75
prefill,18,22,4,3,rdtsc,16767142,run_001:granite-1b-expert.log,/home/classified56/llama.cpp/granite-1b-expert.log,3468,4191785.5
prefill,18,23,26,3,rdtsc,108634482,run_001:granite-1b-expert.log,/home/classified56/llama.cpp/granite-1b-expert.log,3469,4178249.3076923075
prefill,18,24,6,3,rdtsc,25097880,run_001:granite-1b-expert.log,/home/classified56/llama.cpp/granite-1b-expert.log,3470,4182980.0
prefill,18,25,17,3,rdtsc,71339888,run_001:granite-1b-expert.log,/home/classified56/llama.cpp/granite-1b-expert.log,3471,4196464.0
prefill,18,26,13,3,rdtsc,54602298,run_001:granite-1b-expert.log,/home/classified56/llama.cpp/granite-1b-expert.log,3472,4200176.769230769
prefill,18,27,27,3,rdtsc,112410148,run_001:granite-1b-expert.log,/home/classified56/llama.cpp/granite-1b-expert.log,3473,4163338.814814815
prefill,18,28,11,3,rdtsc,45706441,run_001:granite-1b-expert.log,/home/classified56/llama.cpp/granite-1b-expert.log,3474,4155131.0
prefill,18,29,0,0,rdtsc,0,run_001:granite-1b-expert.log,/home/classified56/llama.cpp/granite-1b-expert.log,3475,
prefill,18,30,26,3,rdtsc,108168980,run_001:granite-1b-expert.log,/home/classified56/llama.cpp/granite-1b-expert.log,3476,4160345.3846153845
prefill,18,31,21,3,rdtsc,87347396,run_001:granite-1b-expert.log,/home/classified56/llama.cpp/granite-1b-expert.log,3477,4159399.8095238097
prefill,19,0,3,3,rdtsc,12655993,run_001:granite-1b-expert.log,/home/classified56/llama.cpp/granite-1b-expert.log,3478,4218664.333333333
prefill,19,1,7,3,rdtsc,29296052,run_001:granite-1b-expert.log,/home/classified56/llama.cpp/granite-1b-expert.log,3479,4185150.285714286
prefill,19,2,8,3,rdtsc,33377323,run_001:granite-1b-expert.log,/home/classified56/llama.cpp/granite-1b-expert.log,3480,4172165.375
prefill,19,3,7,3,rdtsc,29265569,run_001:granite-1b-expert.log,/home/classified56/llama.cpp/granite-1b-expert.log,3481,4180795.5714285714
prefill,19,4,25,3,rdtsc,103830775,run_001:granite-1b-expert.log,/home/classified56/llama.cpp/granite-1b-expert.log,3482,4153231.0
prefill,19,5,13,3,rdtsc,54091759,run_001:granite-1b-expert.log,/home/classified56/llama.cpp/granite-1b-expert.log,3483,4160904.5384615385
prefill,19,6,6,3,rdtsc,25081100,run_001:granite-1b-expert.log,/home/classified56/llama.cpp/granite-1b-expert.log,3484,4180183.3333333335
prefill,19,7,33,3,rdtsc,137009814,run_001:granite-1b-expert.log,/home/classified56/llama.cpp/granite-1b-expert.log,3485,4151812.5454545454
prefill,19,8,0,0,rdtsc,0,run_001:granite-1b-expert.log,/home/classified56/llama.cpp/granite-1b-expert.log,3486,
prefill,19,9,9,3,rdtsc,37546910,run_001:granite-1b-expert.log,/home/classified56/llama.cpp/granite-1b-expert.log,3487,4171878.888888889
prefill,19,10,26,3,rdtsc,108263974,run_001:granite-1b-expert.log,/home/classified56/llama.cpp/granite-1b-expert.log,3488,4163999.0
prefill,19,11,18,3,rdtsc,74871635,run_001:granite-1b-expert.log,/home/classified56/llama.cpp/granite-1b-expert.log,3489,4159535.277777778
prefill,19,12,1,3,rdtsc,4619144,run_001:granite-1b-expert.log,/home/classified56/llama.cpp/granite-1b-expert.log,3490,4619144.0
prefill,19,13,45,3,rdtsc,186672335,run_001:granite-1b-expert.log,/home/classified56/llama.cpp/granite-1b-expert.log,3491,4148274.111111111
prefill,19,14,27,3,rdtsc,112785580,run_001:granite-1b-expert.log,/home/classified56/llama.cpp/granite-1b-expert.log,3492,4177243.703703704
prefill,19,15,28,3,rdtsc,116408588,run_001:granite-1b-expert.log,/home/classified56/llama.cpp/granite-1b-expert.log,3493,4157449.5714285714
prefill,19,16,1,3,rdtsc,4630382,run_001:granite-1b-expert.log,/home/classified56/llama.cpp/granite-1b-expert.log,3494,4630382.0
prefill,19,17,1,3,rdtsc,4635284,run_001:granite-1b-expert.log,/home/classified56/llama.cpp/granite-1b-expert.log,3495,4635284.0
prefill,19,18,19,3,rdtsc,79248095,run_001:granite-1b-expert.log,/home/classified56/llama.cpp/granite-1b-expert.log,3496,4170952.3684210526
prefill,19,19,21,3,rdtsc,87300090,run_001:granite-1b-expert.log,/home/classified56/llama.cpp/granite-1b-expert.log,3497,4157147.1428571427
prefill,19,20,18,3,rdtsc,75013534,run_001:granite-1b-expert.log,/home/classified56/llama.cpp/granite-1b-expert.log,3498,4167418.5555555555
prefill,19,21,3,3,rdtsc,12653727,run_001:granite-1b-expert.log,/home/classified56/llama.cpp/granite-1b-expert.log,3499,4217909.0
prefill,19,22,7,3,rdtsc,29271096,run_001:granite-1b-expert.log,/home/classified56/llama.cpp/granite-1b-expert.log,3500,4181585.1428571427
prefill,19,23,3,3,rdtsc,12663501,run_001:granite-1b-expert.log,/home/classified56/llama.cpp/granite-1b-expert.log,3501,4221167.0
prefill,19,24,19,3,rdtsc,79002937,run_001:granite-1b-expert.log,/home/classified56/llama.cpp/granite-1b-expert.log,3502,4158049.3157894737
prefill,19,25,27,3,rdtsc,112231705,run_001:granite-1b-expert.log,/home/classified56/llama.cpp/granite-1b-expert.log,3503,4156729.814814815
prefill,19,26,8,3,rdtsc,33285547,run_001:granite-1b-expert.log,/home/classified56/llama.cpp/granite-1b-expert.log,3504,4160693.375
prefill,19,27,9,3,rdtsc,37527857,run_001:granite-1b-expert.log,/home/classified56/llama.cpp/granite-1b-expert.log,3505,4169761.888888889
prefill,19,28,19,3,rdtsc,78919022,run_001:granite-1b-expert.log,/home/classified56/llama.cpp/granite-1b-expert.log,3506,4153632.736842105
prefill,19,29,16,3,rdtsc,66736316,run_001:granite-1b-expert.log,/home/classified56/llama.cpp/granite-1b-expert.log,3507,4171019.75
prefill,19,30,22,3,rdtsc,91617549,run_001:granite-1b-expert.log,/home/classified56/llama.cpp/granite-1b-expert.log,3508,4164434.0454545454
prefill,19,31,7,3,rdtsc,29311275,run_001:granite-1b-expert.log,/home/classified56/llama.cpp/granite-1b-expert.log,3509,4187325.0
prefill,20,0,28,3,rdtsc,116364715,run_001:granite-1b-expert.log,/home/classified56/llama.cpp/granite-1b-expert.log,3510,4155882.6785714286
prefill,20,1,35,3,rdtsc,145193025,run_001:granite-1b-expert.log,/home/classified56/llama.cpp/granite-1b-expert.log,3511,4148372.1428571427
prefill,20,2,3,3,rdtsc,12689667,run_001:granite-1b-expert.log,/home/classified56/llama.cpp/granite-1b-expert.log,3512,4229889.0
prefill,20,3,17,3,rdtsc,70803861,run_001:granite-1b-expert.log,/home/classified56/llama.cpp/granite-1b-expert.log,3513,4164933.0
prefill,20,4,1,3,rdtsc,4616699,run_001:granite-1b-expert.log,/home/classified56/llama.cpp/granite-1b-expert.log,3514,4616699.0
prefill,20,5,18,3,rdtsc,75154849,run_001:granite-1b-expert.log,/home/classified56/llama.cpp/granite-1b-expert.log,3515,4175269.388888889
prefill,20,6,5,3,rdtsc,21081647,run_001:granite-1b-expert.log,/home/classified56/llama.cpp/granite-1b-expert.log,3516,4216329.4
prefill,20,7,25,3,rdtsc,103924490,run_001:granite-1b-expert.log,/home/classified56/llama.cpp/granite-1b-expert.log,3517,4156979.6
prefill,20,8,10,3,rdtsc,41609058,run_001:granite-1b-expert.log,/home/classified56/llama.cpp/granite-1b-expert.log,3518,4160905.8
prefill,20,9,9,3,rdtsc,37549067,run_001:granite-1b-expert.log,/home/classified56/llama.cpp/granite-1b-expert.log,3519,4172118.5555555555
prefill,20,10,12,3,rdtsc,49819086,run_001:granite-1b-expert.log,/home/classified56/llama.cpp/granite-1b-expert.log,3520,4151590.5
prefill,20,11,14,3,rdtsc,58611576,run_001:granite-1b-expert.log,/home/classified56/llama.cpp/granite-1b-expert.log,3521,4186541.1428571427
prefill,20,12,22,3,rdtsc,91742122,run_001:granite-1b-expert.log,/home/classified56/llama.cpp/granite-1b-expert.log,3522,4170096.4545454546
prefill,20,13,19,3,rdtsc,79088283,run_001:granite-1b-expert.log,/home/classified56/llama.cpp/granite-1b-expert.log,3523,4162541.210526316
prefill,20,14,1,3,rdtsc,4616548,run_001:granite-1b-expert.log,/home/classified56/llama.cpp/granite-1b-expert.log,3524,4616548.0
prefill,20,15,15,3,rdtsc,62355113,run_001:granite-1b-expert.log,/home/classified56/llama.cpp/granite-1b-expert.log,3525,4157007.533333333
prefill,20,16,18,3,rdtsc,74929441,run_001:granite-1b-expert.log,/home/classified56/llama.cpp/granite-1b-expert.log,3526,4162746.722222222
prefill,20,17,18,3,rdtsc,75206479,run_001:granite-1b-expert.log,/home/classified56/llama.cpp/granite-1b-expert.log,3527,4178137.722222222
prefill,20,18,22,3,rdtsc,91316956,run_001:granite-1b-expert.log,/home/classified56/llama.cpp/granite-1b-expert.log,3528,4150770.727272727
prefill,20,19,4,3,rdtsc,16784731,run_001:granite-1b-expert.log,/home/classified56/llama.cpp/granite-1b-expert.log,3529,4196182.75
prefill,20,20,30,3,rdtsc,124429783,run_001:granite-1b-expert.log,/home/classified56/llama.cpp/granite-1b-expert.log,3530,4147659.433333333
prefill,20,21,30,3,rdtsc,124498394,run_001:granite-1b-expert.log,/home/classified56/llama.cpp/granite-1b-expert.log,3531,4149946.466666667
prefill,20,22,3,3,rdtsc,12632771,run_001:granite-1b-expert.log,/home/classified56/llama.cpp/granite-1b-expert.log,3532,4210923.666666667
prefill,20,23,23,3,rdtsc,95549029,run_001:granite-1b-expert.log,/home/classified56/llama.cpp/granite-1b-expert.log,3533,4154305.6086956523
prefill,20,24,11,3,rdtsc,45772820,run_001:granite-1b-expert.log,/home/classified56/llama.cpp/granite-1b-expert.log,3534,4161165.4545454546
prefill,20,25,1,3,rdtsc,4629102,run_001:granite-1b-expert.log,/home/classified56/llama.cpp/granite-1b-expert.log,3535,4629102.0
prefill,20,26,16,3,rdtsc,66405075,run_001:granite-1b-expert.log,/home/classified56/llama.cpp/granite-1b-expert.log,3536,4150317.1875
prefill,20,27,5,3,rdtsc,21127087,run_001:granite-1b-expert.log,/home/classified56/llama.cpp/granite-1b-expert.log,3537,4225417.4
prefill,20,28,25,3,rdtsc,103872082,run_001:granite-1b-expert.log,/home/classified56/llama.cpp/granite-1b-expert.log,3538,4154883.28
prefill,20,29,6,3,rdtsc,25049947,run_001:granite-1b-expert.log,/home/classified56/llama.cpp/granite-1b-expert.log,3539,4174991.1666666665
prefill,20,30,1,3,rdtsc,4620126,run_001:granite-1b-expert.log,/home/classified56/llama.cpp/granite-1b-expert.log,3540,4620126.0
prefill,20,31,9,3,rdtsc,37567296,run_001:granite-1b-expert.log,/home/classified56/llama.cpp/granite-1b-expert.log,3541,4174144.0
prefill,21,0,17,3,rdtsc,71021244,run_001:granite-1b-expert.log,/home/classified56/llama.cpp/granite-1b-expert.log,3542,4177720.2352941176
prefill,21,1,18,3,rdtsc,74876284,run_001:granite-1b-expert.log,/home/classified56/llama.cpp/granite-1b-expert.log,3543,4159793.5555555555
prefill,21,2,38,3,rdtsc,157696835,run_001:granite-1b-expert.log,/home/classified56/llama.cpp/granite-1b-expert.log,3544,4149916.710526316
prefill,21,3,2,3,rdtsc,8555506,run_001:granite-1b-expert.log,/home/classified56/llama.cpp/granite-1b-expert.log,3545,4277753.0
prefill,21,4,11,3,rdtsc,45718244,run_001:granite-1b-expert.log,/home/classified56/llama.cpp/granite-1b-expert.log,3546,4156204.0
prefill,21,5,23,3,rdtsc,95497784,run_001:granite-1b-expert.log,/home/classified56/llama.cpp/granite-1b-expert.log,3547,4152077.565217391
prefill,21,6,4,3,rdtsc,16776181,run_001:granite-1b-expert.log,/home/classified56/llama.cpp/granite-1b-expert.log,3548,4194045.25
prefill,21,7,2,3,rdtsc,8643609,run_001:granite-1b-expert.log,/home/classified56/llama.cpp/granite-1b-expert.log,3549,4321804.5
prefill,21,8,3,3,rdtsc,12664198,run_001:granite-1b-expert.log,/home/classified56/llama.cpp/granite-1b-expert.log,3550,4221399.333333333
prefill,21,9,11,3,rdtsc,45868314,run_001:granite-1b-expert.log,/home/classified56/llama.cpp/granite-1b-expert.log,3551,4169846.727272727
prefill,21,10,5,3,rdtsc,21086827,run_001:granite-1b-expert.log,/home/classified56/llama.cpp/granite-1b-expert.log,3552,4217365.4
prefill,21,11,8,3,rdtsc,33349527,run_001:granite-1b-expert.log,/home/classified56/llama.cpp/granite-1b-expert.log,3553,4168690.875
prefill,21,12,23,3,rdtsc,95410279,run_001:granite-1b-expert.log,/home/classified56/llama.cpp/granite-1b-expert.log,3554,4148273.0
prefill,21,13,27,3,rdtsc,112213915,run_001:granite-1b-expert.log,/home/classified56/llama.cpp/granite-1b-expert.log,3555,4156070.925925926
prefill,21,14,2,3,rdtsc,8566842,run_001:granite-1b-expert.log,/home/classified56/llama.cpp/granite-1b-expert.log,3556,4283421.0
prefill,21,15,3,3,rdtsc,12636795,run_001:granite-1b-expert.log,/home/classified56/llama.cpp/granite-1b-expert.log,3557,4212265.0
prefill,21,16,9,3,rdtsc,37524852,run_001:granite-1b-expert.log,/home/classified56/llama.cpp/granite-1b-expert.log,3558,4169428.0
prefill,21,17,27,3,rdtsc,112499939,run_001:granite-1b-expert.log,/home/classified56/llama.cpp/granite-1b-expert.log,3559,4166664.407407407
prefill,21,18,1,3,rdtsc,4624041,run_001:granite-1b-expert.log,/home/classified56/llama.cpp/granite-1b-expert.log,3560,4624041.0
prefill,21,19,18,3,rdtsc,74914266,run_001:granite-1b-expert.log,/home/classified56/llama.cpp/granite-1b-expert.log,3561,4161903.6666666665
prefill,21,20,0,0,rdtsc,0,run_001:granite-1b-expert.log,/home/classified56/llama.cpp/granite-1b-expert.log,3562,
prefill,21,21,30,3,rdtsc,124470132,run_001:granite-1b-expert.log,/home/classified56/llama.cpp/granite-1b-expert.log,3563,4149004.4
prefill,21,22,10,3,rdtsc,41697013,run_001:granite-1b-expert.log,/home/classified56/llama.cpp/granite-1b-expert.log,3564,4169701.3
prefill,21,23,29,3,rdtsc,120255413,run_001:granite-1b-expert.log,/home/classified56/llama.cpp/granite-1b-expert.log,3565,4146738.379310345
prefill,21,24,10,3,rdtsc,41642000,run_001:granite-1b-expert.log,/home/classified56/llama.cpp/granite-1b-expert.log,3566,4164200.0
prefill,21,25,18,3,rdtsc,74893635,run_001:granite-1b-expert.log,/home/classified56/llama.cpp/granite-1b-expert.log,3567,4160757.5
prefill,21,26,36,3,rdtsc,149424699,run_001:granite-1b-expert.log,/home/classified56/llama.cpp/granite-1b-expert.log,3568,4150686.0833333335
prefill,21,27,4,3,rdtsc,16775351,run_001:granite-1b-expert.log,/home/classified56/llama.cpp/granite-1b-expert.log,3569,4193837.75
prefill,21,28,1,3,rdtsc,4619923,run_001:granite-1b-expert.log,/home/classified56/llama.cpp/granite-1b-expert.log,3570,4619923.0
prefill,21,29,17,3,rdtsc,70777701,run_001:granite-1b-expert.log,/home/classified56/llama.cpp/granite-1b-expert.log,3571,4163394.1764705884
prefill,21,30,21,3,rdtsc,87281653,run_001:granite-1b-expert.log,/home/classified56/llama.cpp/granite-1b-expert.log,3572,4156269.1904761903
prefill,21,31,28,3,rdtsc,116363096,run_001:granite-1b-expert.log,/home/classified56/llama.cpp/granite-1b-expert.log,3573,4155824.8571428573
prefill,22,0,9,3,rdtsc,37572433,run_001:granite-1b-expert.log,/home/classified56/llama.cpp/granite-1b-expert.log,3574,4174714.777777778
prefill,22,1,2,3,rdtsc,8602030,run_001:granite-1b-expert.log,/home/classified56/llama.cpp/granite-1b-expert.log,3575,4301015.0
prefill,22,2,5,3,rdtsc,21035183,run_001:granite-1b-expert.log,/home/classified56/llama.cpp/granite-1b-expert.log,3576,4207036.6
prefill,22,3,41,3,rdtsc,170284220,run_001:granite-1b-expert.log,/home/classified56/llama.cpp/granite-1b-expert.log,3577,4153273.6585365855
prefill,22,4,4,3,rdtsc,16764552,run_001:granite-1b-expert.log,/home/classified56/llama.cpp/granite-1b-expert.log,3578,4191138.0
prefill,22,5,3,3,rdtsc,12709161,run_001:granite-1b-expert.log,/home/classified56/llama.cpp/granite-1b-expert.log,3579,4236387.0
prefill,22,6,0,0,rdtsc,0,run_001:granite-1b-expert.log,/home/classified56/llama.cpp/granite-1b-expert.log,3580,
prefill,22,7,0,0,rdtsc,0,run_001:granite-1b-expert.log,/home/classified56/llama.cpp/granite-1b-expert.log,3581,
prefill,22,8,18,3,rdtsc,74862958,run_001:granite-1b-expert.log,/home/classified56/llama.cpp/granite-1b-expert.log,3582,4159053.222222222
prefill,22,9,41,3,rdtsc,170946931,run_001:granite-1b-expert.log,/home/classified56/llama.cpp/granite-1b-expert.log,3583,4169437.3414634145
prefill,22,10,12,3,rdtsc,49924855,run_001:granite-1b-expert.log,/home/classified56/llama.cpp/granite-1b-expert.log,3584,4160404.5833333335
prefill,22,11,1,3,rdtsc,4619716,run_001:granite-1b-expert.log,/home/classified56/llama.cpp/granite-1b-expert.log,3585,4619716.0
prefill,22,12,24,3,rdtsc,99715832,run_001:granite-1b-expert.log,/home/classified56/llama.cpp/granite-1b-expert.log,3586,4154826.3333333335
prefill,22,13,3,3,rdtsc,12673402,run_001:granite-1b-expert.log,/home/classified56/llama.cpp/granite-1b-expert.log,3587,4224467.333333333
prefill,22,14,1,3,rdtsc,4631177,run_001:granite-1b-expert.log,/home/classified56/llama.cpp/granite-1b-expert.log,3588,4631177.0
prefill,22,15,31,3,rdtsc,128919788,run_001:granite-1b-expert.log,/home/classified56/llama.cpp/granite-1b-expert.log,3589,4158702.8387096776
prefill,22,16,3,3,rdtsc,12656974,run_001:granite-1b-expert.log,/home/classified56/llama.cpp/granite-1b-expert.log,3590,4218991.333333333
prefill,22,17,0,0,rdtsc,0,run_001:granite-1b-expert.log,/home/classified56/llama.cpp/granite-1b-expert.log,3591,
prefill,22,18,2,3,rdtsc,8648834,run_001:granite-1b-expert.log,/home/classified56/llama.cpp/granite-1b-expert.log,3592,4324417.0
prefill,22,19,25,3,rdtsc,103905533,run_001:granite-1b-expert.log,/home/classified56/llama.cpp/granite-1b-expert.log,3593,4156221.32
prefill,22,20,17,3,rdtsc,71564457,run_001:granite-1b-expert.log,/home/classified56/llama.cpp/granite-1b-expert.log,3594,4209673.94117647
prefill,22,21,29,3,rdtsc,120458692,run_001:granite-1b-expert.log,/home/classified56/llama.cpp/granite-1b-expert.log,3595,4153748.0
prefill,22,22,22,3,rdtsc,91641825,run_001:granite-1b-expert.log,/home/classified56/llama.cpp/granite-1b-expert.log,3596,4165537.5
prefill,22,23,2,3,rdtsc,8572891,run_001:granite-1b-expert.log,/home/classified56/llama.cpp/granite-1b-expert.log,3597,4286445.5
prefill,22,24,20,3,rdtsc,83160526,run_001:granite-1b-expert.log,/home/classified56/llama.cpp/granite-1b-expert.log,3598,4158026.3
prefill,22,25,28,3,rdtsc,116567271,run_001:granite-1b-expert.log,/home/classified56/llama.cpp/granite-1b-expert.log,3599,4163116.8214285714
prefill,22,26,19,3,rdtsc,79004540,run_001:granite-1b-expert.log,/home/classified56/llama.cpp/granite-1b-expert.log,3600,4158133.6842105263
prefill,22,27,0,0,rdtsc,0,run_001:granite-1b-expert.log,/home/classified56/llama.cpp/granite-1b-expert.log,3601,
prefill,22,28,47,3,rdtsc,194913434,run_001:granite-1b-expert.log,/home/classified56/llama.cpp/granite-1b-expert.log,3602,4147094.340425532
prefill,22,29,18,3,rdtsc,75112230,run_001:granite-1b-expert.log,/home/classified56/llama.cpp/granite-1b-expert.log,3603,4172901.6666666665
prefill,22,30,0,0,rdtsc,0,run_001:granite-1b-expert.log,/home/classified56/llama.cpp/granite-1b-expert.log,3604,
prefill,22,31,29,3,rdtsc,120519410,run_001:granite-1b-expert.log,/home/classified56/llama.cpp/granite-1b-expert.log,3605,4155841.724137931
prefill,23,0,1,3,rdtsc,4806935,run_001:granite-1b-expert.log,/home/classified56/llama.cpp/granite-1b-expert.log,3606,4806935.0
prefill,23,1,0,0,rdtsc,0,run_001:granite-1b-expert.log,/home/classified56/llama.cpp/granite-1b-expert.log,3607,
prefill,23,2,0,0,rdtsc,0,run_001:granite-1b-expert.log,/home/classified56/llama.cpp/granite-1b-expert.log,3608,
prefill,23,3,0,0,rdtsc,0,run_001:granite-1b-expert.log,/home/classified56/llama.cpp/granite-1b-expert.log,3609,
prefill,23,4,0,0,rdtsc,0,run_001:granite-1b-expert.log,/home/classified56/llama.cpp/granite-1b-expert.log,3610,
prefill,23,5,0,0,rdtsc,0,run_001:granite-1b-expert.log,/home/classified56/llama.cpp/granite-1b-expert.log,3611,
prefill,23,6,0,0,rdtsc,0,run_001:granite-1b-expert.log,/home/classified56/llama.cpp/granite-1b-expert.log,3612,
prefill,23,7,0,0,rdtsc,0,run_001:granite-1b-expert.log,/home/classified56/llama.cpp/granite-1b-expert.log,3613,
prefill,23,8,0,0,rdtsc,0,run_001:granite-1b-expert.log,/home/classified56/llama.cpp/granite-1b-expert.log,3614,
prefill,23,9,0,0,rdtsc,0,run_001:granite-1b-expert.log,/home/classified56/llama.cpp/granite-1b-expert.log,3615,
prefill,23,10,1,3,rdtsc,4633867,run_001:granite-1b-expert.log,/home/classified56/llama.cpp/granite-1b-expert.log,3616,4633867.0
prefill,23,11,0,0,rdtsc,0,run_001:granite-1b-expert.log,/home/classified56/llama.cpp/granite-1b-expert.log,3617,
prefill,23,12,1,3,rdtsc,4635455,run_001:granite-1b-expert.log,/home/classified56/llama.cpp/granite-1b-expert.log,3618,4635455.0
prefill,23,13,0,0,rdtsc,0,run_001:granite-1b-expert.log,/home/classified56/llama.cpp/granite-1b-expert.log,3619,
prefill,23,14,0,0,rdtsc,0,run_001:granite-1b-expert.log,/home/classified56/llama.cpp/granite-1b-expert.log,3620,
prefill,23,15,0,0,rdtsc,0,run_001:granite-1b-expert.log,/home/classified56/llama.cpp/granite-1b-expert.log,3621,
prefill,23,16,1,3,rdtsc,4635059,run_001:granite-1b-expert.log,/home/classified56/llama.cpp/granite-1b-expert.log,3622,4635059.0
prefill,23,17,0,0,rdtsc,0,run_001:granite-1b-expert.log,/home/classified56/llama.cpp/granite-1b-expert.log,3623,
prefill,23,18,1,3,rdtsc,4635176,run_001:granite-1b-expert.log,/home/classified56/llama.cpp/granite-1b-expert.log,3624,4635176.0
prefill,23,19,0,0,rdtsc,0,run_001:granite-1b-expert.log,/home/classified56/llama.cpp/granite-1b-expert.log,3625,
prefill,23,20,0,0,rdtsc,0,run_001:granite-1b-expert.log,/home/classified56/llama.cpp/granite-1b-expert.log,3626,
prefill,23,21,0,0,rdtsc,0,run_001:granite-1b-expert.log,/home/classified56/llama.cpp/granite-1b-expert.log,3627,
prefill,23,22,0,0,rdtsc,0,run_001:granite-1b-expert.log,/home/classified56/llama.cpp/granite-1b-expert.log,3628,
prefill,23,23,0,0,rdtsc,0,run_001:granite-1b-expert.log,/home/classified56/llama.cpp/granite-1b-expert.log,3629,
prefill,23,24,0,0,rdtsc,0,run_001:granite-1b-expert.log,/home/classified56/llama.cpp/granite-1b-expert.log,3630,
prefill,23,25,0,0,rdtsc,0,run_001:granite-1b-expert.log,/home/classified56/llama.cpp/granite-1b-expert.log,3631,
prefill,23,26,0,0,rdtsc,0,run_001:granite-1b-expert.log,/home/classified56/llama.cpp/granite-1b-expert.log,3632,
prefill,23,27,1,3,rdtsc,4646668,run_001:granite-1b-expert.log,/home/classified56/llama.cpp/granite-1b-expert.log,3633,4646668.0
prefill,23,28,0,0,rdtsc,0,run_001:granite-1b-expert.log,/home/classified56/llama.cpp/granite-1b-expert.log,3634,
prefill,23,29,0,0,rdtsc,0,run_001:granite-1b-expert.log,/home/classified56/llama.cpp/granite-1b-expert.log,3635,
prefill,23,30,1,3,rdtsc,4635177,run_001:granite-1b-expert.log,/home/classified56/llama.cpp/granite-1b-expert.log,3636,4635177.0
prefill,23,31,1,3,rdtsc,4634903,run_001:granite-1b-expert.log,/home/classified56/llama.cpp/granite-1b-expert.log,3637,4634903.0
